,fn_mo,fn_jd
0,playford_simple_chords_1.mid,playford1.mid
1,playford_simple_chords_10.mid,playford10.mid
2,playford_simple_chords_11.mid,playford11.mid
3,playford_simple_chords_12.mid,playford12.mid
4,playford_simple_chords_13.mid,playford13.mid
5,playford_simple_chords_14.mid,playford14.mid
6,playford_simple_chords_15.mid,playford15.mid
7,playford_simple_chords_2.mid,playford2.mid
8,playford_simple_chords_3.mid,playford3.mid
9,playford_simple_chords_4.mid,playford4.mid
10,playford_simple_chords_5.mid,playford5.mid
11,playford_simple_chords_6.mid,playford6.mid
12,playford_simple_chords_7.mid,playford7.mid
13,playford_simple_chords_8.mid,playford8.mid
14,playford_simple_chords_9.mid,playford9.mid
15,morris_simple_chords_1.mid,morris1.mid
16,morris_simple_chords_10.mid,morris10.mid
17,morris_simple_chords_11.mid,morris11.mid
18,morris_simple_chords_12.mid,morris12.mid
19,morris_simple_chords_13.mid,morris13.mid
20,morris_simple_chords_14.mid,morris14.mid
21,morris_simple_chords_15.mid,morris15.mid
22,morris_simple_chords_16.mid,morris16.mid
23,morris_simple_chords_17.mid,morris17.mid
24,morris_simple_chords_18.mid,morris18.mid
25,morris_simple_chords_19.mid,morris19.mid
26,morris_simple_chords_2.mid,morris2.mid
27,morris_simple_chords_20.mid,morris20.mid
28,morris_simple_chords_21.mid,morris21.mid
29,morris_simple_chords_22.mid,morris22.mid
30,morris_simple_chords_23.mid,morris23.mid
31,morris_simple_chords_24.mid,morris24.mid
32,morris_simple_chords_25.mid,morris25.mid
33,morris_simple_chords_26.mid,morris26.mid
34,morris_simple_chords_27.mid,morris27.mid
35,morris_simple_chords_28.mid,morris28.mid
36,morris_simple_chords_29.mid,morris29.mid
37,morris_simple_chords_3.mid,morris3.mid
38,morris_simple_chords_30.mid,morris30.mid
39,morris_simple_chords_31.mid,morris31.mid
40,morris_simple_chords_4.mid,morris4.mid
41,morris_simple_chords_5.mid,morris5.mid
42,morris_simple_chords_6.mid,morris6.mid
43,morris_simple_chords_7.mid,morris7.mid
44,morris_simple_chords_8.mid,morris8.mid
45,morris_simple_chords_9.mid,morris9.mid
46,jigs_simple_chords_1.mid,jigs1.mid
47,jigs_simple_chords_10.mid,jigs10.mid
48,jigs_simple_chords_100.mid,jigs100.mid
49,jigs_simple_chords_101.mid,jigs101.mid
50,jigs_simple_chords_102.mid,jigs102.mid
51,jigs_simple_chords_103.mid,jigs103.mid
52,jigs_simple_chords_104.mid,jigs104.mid
53,jigs_simple_chords_105.mid,jigs105.mid
54,jigs_simple_chords_106.mid,jigs106.mid
55,jigs_simple_chords_107.mid,jigs107.mid
56,jigs_simple_chords_108.mid,jigs108.mid
57,jigs_simple_chords_109.mid,jigs109.mid
58,jigs_simple_chords_11.mid,jigs11.mid
59,jigs_simple_chords_110.mid,jigs110.mid
60,jigs_simple_chords_111.mid,jigs111.mid
61,jigs_simple_chords_112.mid,jigs112.mid
62,jigs_simple_chords_113.mid,jigs113.mid
63,jigs_simple_chords_114.mid,jigs114.mid
64,jigs_simple_chords_115.mid,jigs115.mid
65,jigs_simple_chords_116.mid,jigs116.mid
66,jigs_simple_chords_117.mid,jigs117.mid
67,jigs_simple_chords_118.mid,jigs118.mid
68,jigs_simple_chords_119.mid,jigs119.mid
69,jigs_simple_chords_12.mid,jigs12.mid
70,jigs_simple_chords_120.mid,jigs120.mid
71,jigs_simple_chords_121.mid,jigs121.mid
72,jigs_simple_chords_122.mid,jigs122.mid
73,jigs_simple_chords_123.mid,jigs123.mid
74,jigs_simple_chords_124.mid,jigs124.mid
75,jigs_simple_chords_125.mid,jigs125.mid
76,jigs_simple_chords_126.mid,jigs126.mid
77,jigs_simple_chords_127.mid,jigs127.mid
78,jigs_simple_chords_128.mid,jigs128.mid
79,jigs_simple_chords_129.mid,jigs129.mid
80,jigs_simple_chords_13.mid,jigs13.mid
81,jigs_simple_chords_130.mid,jigs130.mid
82,jigs_simple_chords_131.mid,jigs131.mid
83,jigs_simple_chords_132.mid,jigs132.mid
84,jigs_simple_chords_133.mid,jigs133.mid
85,jigs_simple_chords_134.mid,jigs134.mid
86,jigs_simple_chords_135.mid,jigs135.mid
87,jigs_simple_chords_136.mid,jigs136.mid
88,jigs_simple_chords_137.mid,jigs137.mid
89,jigs_simple_chords_138.mid,jigs138.mid
90,jigs_simple_chords_139.mid,jigs139.mid
91,jigs_simple_chords_14.mid,jigs14.mid
92,jigs_simple_chords_140.mid,jigs140.mid
93,jigs_simple_chords_141.mid,jigs141.mid
94,jigs_simple_chords_142.mid,jigs142.mid
95,jigs_simple_chords_143.mid,jigs143.mid
96,jigs_simple_chords_144.mid,jigs144.mid
97,jigs_simple_chords_145.mid,jigs145.mid
98,jigs_simple_chords_146.mid,jigs146.mid
99,jigs_simple_chords_147.mid,jigs147.mid
100,jigs_simple_chords_148.mid,jigs148.mid
101,jigs_simple_chords_149.mid,jigs149.mid
102,jigs_simple_chords_15.mid,jigs15.mid
103,jigs_simple_chords_150.mid,jigs150.mid
104,jigs_simple_chords_151.mid,jigs151.mid
105,jigs_simple_chords_152.mid,jigs152.mid
106,jigs_simple_chords_153.mid,jigs153.mid
107,jigs_simple_chords_154.mid,jigs154.mid
108,jigs_simple_chords_155.mid,jigs155.mid
109,jigs_simple_chords_156.mid,jigs156.mid
110,jigs_simple_chords_157.mid,jigs157.mid
111,jigs_simple_chords_158.mid,jigs158.mid
112,jigs_simple_chords_159.mid,jigs159.mid
113,jigs_simple_chords_16.mid,jigs16.mid
114,jigs_simple_chords_160.mid,jigs160.mid
115,jigs_simple_chords_161.mid,jigs161.mid
116,jigs_simple_chords_162.mid,jigs162.mid
117,jigs_simple_chords_163.mid,jigs163.mid
118,jigs_simple_chords_164.mid,jigs164.mid
119,jigs_simple_chords_165.mid,jigs165.mid
120,jigs_simple_chords_166.mid,jigs166.mid
121,jigs_simple_chords_167.mid,jigs167.mid
122,jigs_simple_chords_168.mid,jigs168.mid
123,jigs_simple_chords_169.mid,jigs169.mid
124,jigs_simple_chords_17.mid,jigs17.mid
125,jigs_simple_chords_170.mid,jigs170.mid
126,jigs_simple_chords_171.mid,jigs171.mid
127,jigs_simple_chords_172.mid,jigs172.mid
128,jigs_simple_chords_173.mid,jigs173.mid
129,jigs_simple_chords_174.mid,jigs174.mid
130,jigs_simple_chords_175.mid,jigs175.mid
131,jigs_simple_chords_176.mid,jigs176.mid
132,jigs_simple_chords_177.mid,jigs177.mid
133,jigs_simple_chords_178.mid,jigs178.mid
134,jigs_simple_chords_179.mid,jigs179.mid
135,jigs_simple_chords_18.mid,jigs18.mid
136,jigs_simple_chords_180.mid,jigs180.mid
137,jigs_simple_chords_181.mid,jigs181.mid
138,jigs_simple_chords_182.mid,jigs182.mid
139,jigs_simple_chords_183.mid,jigs183.mid
140,jigs_simple_chords_184.mid,jigs184.mid
141,jigs_simple_chords_185.mid,jigs185.mid
142,jigs_simple_chords_186.mid,jigs186.mid
143,jigs_simple_chords_187.mid,jigs187.mid
144,jigs_simple_chords_188.mid,jigs188.mid
145,jigs_simple_chords_189.mid,jigs189.mid
146,jigs_simple_chords_19.mid,jigs19.mid
147,jigs_simple_chords_190.mid,jigs190.mid
148,jigs_simple_chords_191.mid,jigs191.mid
149,jigs_simple_chords_192.mid,jigs192.mid
150,jigs_simple_chords_193.mid,jigs193.mid
151,jigs_simple_chords_194.mid,jigs194.mid
152,jigs_simple_chords_195.mid,jigs195.mid
153,jigs_simple_chords_196.mid,jigs196.mid
154,jigs_simple_chords_197.mid,jigs197.mid
155,jigs_simple_chords_198.mid,jigs198.mid
156,jigs_simple_chords_199.mid,jigs199.mid
157,jigs_simple_chords_2.mid,jigs2.mid
158,jigs_simple_chords_20.mid,jigs20.mid
159,jigs_simple_chords_200.mid,jigs200.mid
160,jigs_simple_chords_201.mid,jigs201.mid
161,jigs_simple_chords_202.mid,jigs202.mid
162,jigs_simple_chords_203.mid,jigs203.mid
163,jigs_simple_chords_204.mid,jigs204.mid
164,jigs_simple_chords_205.mid,jigs205.mid
165,jigs_simple_chords_206.mid,jigs206.mid
166,jigs_simple_chords_207.mid,jigs207.mid
167,jigs_simple_chords_208.mid,jigs208.mid
168,jigs_simple_chords_209.mid,jigs209.mid
169,jigs_simple_chords_21.mid,jigs21.mid
170,jigs_simple_chords_210.mid,jigs210.mid
171,jigs_simple_chords_211.mid,jigs211.mid
172,jigs_simple_chords_212.mid,jigs212.mid
173,jigs_simple_chords_213.mid,jigs213.mid
174,jigs_simple_chords_214.mid,jigs214.mid
175,jigs_simple_chords_215.mid,jigs215.mid
176,jigs_simple_chords_216.mid,jigs216.mid
177,jigs_simple_chords_217.mid,jigs217.mid
178,jigs_simple_chords_218.mid,jigs218.mid
179,jigs_simple_chords_219.mid,jigs219.mid
180,jigs_simple_chords_22.mid,jigs22.mid
181,jigs_simple_chords_220.mid,jigs220.mid
182,jigs_simple_chords_221.mid,jigs221.mid
183,jigs_simple_chords_222.mid,jigs222.mid
184,jigs_simple_chords_223.mid,jigs223.mid
185,jigs_simple_chords_224.mid,jigs224.mid
186,jigs_simple_chords_225.mid,jigs225.mid
187,jigs_simple_chords_226.mid,jigs226.mid
188,jigs_simple_chords_227.mid,jigs227.mid
189,jigs_simple_chords_228.mid,jigs228.mid
190,jigs_simple_chords_229.mid,jigs229.mid
191,jigs_simple_chords_23.mid,jigs23.mid
192,jigs_simple_chords_230.mid,jigs230.mid
193,jigs_simple_chords_231.mid,jigs231.mid
194,jigs_simple_chords_232.mid,jigs232.mid
195,jigs_simple_chords_233.mid,jigs233.mid
196,jigs_simple_chords_234.mid,jigs234.mid
197,jigs_simple_chords_235.mid,jigs235.mid
198,jigs_simple_chords_236.mid,jigs236.mid
199,jigs_simple_chords_237.mid,jigs237.mid
200,jigs_simple_chords_238.mid,jigs238.mid
201,jigs_simple_chords_239.mid,jigs239.mid
202,jigs_simple_chords_24.mid,jigs24.mid
203,jigs_simple_chords_240.mid,jigs240.mid
204,jigs_simple_chords_241.mid,jigs241.mid
205,jigs_simple_chords_242.mid,jigs242.mid
206,jigs_simple_chords_243.mid,jigs243.mid
207,jigs_simple_chords_244.mid,jigs244.mid
208,jigs_simple_chords_245.mid,jigs245.mid
209,jigs_simple_chords_246.mid,jigs246.mid
210,jigs_simple_chords_247.mid,jigs247.mid
211,jigs_simple_chords_248.mid,jigs248.mid
212,jigs_simple_chords_249.mid,jigs249.mid
213,jigs_simple_chords_25.mid,jigs25.mid
214,jigs_simple_chords_250.mid,jigs250.mid
215,jigs_simple_chords_251.mid,jigs251.mid
216,jigs_simple_chords_252.mid,jigs252.mid
217,jigs_simple_chords_253.mid,jigs253.mid
218,jigs_simple_chords_254.mid,jigs254.mid
219,jigs_simple_chords_255.mid,jigs255.mid
220,jigs_simple_chords_256.mid,jigs256.mid
221,jigs_simple_chords_257.mid,jigs257.mid
222,jigs_simple_chords_258.mid,jigs258.mid
223,jigs_simple_chords_259.mid,jigs259.mid
224,jigs_simple_chords_26.mid,jigs26.mid
225,jigs_simple_chords_260.mid,jigs260.mid
226,jigs_simple_chords_261.mid,jigs261.mid
227,jigs_simple_chords_262.mid,jigs262.mid
228,jigs_simple_chords_263.mid,jigs263.mid
229,jigs_simple_chords_264.mid,jigs264.mid
230,jigs_simple_chords_265.mid,jigs265.mid
231,jigs_simple_chords_266.mid,jigs266.mid
232,jigs_simple_chords_267.mid,jigs267.mid
233,jigs_simple_chords_268.mid,jigs268.mid
234,jigs_simple_chords_269.mid,jigs269.mid
235,jigs_simple_chords_27.mid,jigs27.mid
236,jigs_simple_chords_270.mid,jigs270.mid
237,jigs_simple_chords_271.mid,jigs271.mid
238,jigs_simple_chords_272.mid,jigs272.mid
239,jigs_simple_chords_273.mid,jigs273.mid
240,jigs_simple_chords_274.mid,jigs274.mid
241,jigs_simple_chords_275.mid,jigs275.mid
242,jigs_simple_chords_276.mid,jigs276.mid
243,jigs_simple_chords_277.mid,jigs277.mid
244,jigs_simple_chords_278.mid,jigs278.mid
245,jigs_simple_chords_279.mid,jigs279.mid
246,jigs_simple_chords_28.mid,jigs28.mid
247,jigs_simple_chords_280.mid,jigs280.mid
248,jigs_simple_chords_281.mid,jigs281.mid
249,jigs_simple_chords_282.mid,jigs282.mid
250,jigs_simple_chords_283.mid,jigs283.mid
251,jigs_simple_chords_284.mid,jigs284.mid
252,jigs_simple_chords_285.mid,jigs285.mid
253,jigs_simple_chords_286.mid,jigs286.mid
254,jigs_simple_chords_287.mid,jigs287.mid
255,jigs_simple_chords_288.mid,jigs288.mid
256,jigs_simple_chords_289.mid,jigs289.mid
257,jigs_simple_chords_29.mid,jigs29.mid
258,jigs_simple_chords_290.mid,jigs290.mid
259,jigs_simple_chords_291.mid,jigs291.mid
260,jigs_simple_chords_292.mid,jigs292.mid
261,jigs_simple_chords_293.mid,jigs293.mid
262,jigs_simple_chords_294.mid,jigs294.mid
263,jigs_simple_chords_295.mid,jigs295.mid
264,jigs_simple_chords_296.mid,jigs296.mid
265,jigs_simple_chords_297.mid,jigs297.mid
266,jigs_simple_chords_298.mid,jigs298.mid
267,jigs_simple_chords_299.mid,jigs299.mid
268,jigs_simple_chords_3.mid,jigs3.mid
269,jigs_simple_chords_30.mid,jigs30.mid
270,jigs_simple_chords_300.mid,jigs300.mid
271,jigs_simple_chords_301.mid,jigs301.mid
272,jigs_simple_chords_302.mid,jigs302.mid
273,jigs_simple_chords_303.mid,jigs303.mid
274,jigs_simple_chords_304.mid,jigs304.mid
275,jigs_simple_chords_305.mid,jigs305.mid
276,jigs_simple_chords_306.mid,jigs306.mid
277,jigs_simple_chords_307.mid,jigs307.mid
278,jigs_simple_chords_308.mid,jigs308.mid
279,jigs_simple_chords_309.mid,jigs309.mid
280,jigs_simple_chords_31.mid,jigs31.mid
281,jigs_simple_chords_310.mid,jigs310.mid
282,jigs_simple_chords_311.mid,jigs311.mid
283,jigs_simple_chords_312.mid,jigs312.mid
284,jigs_simple_chords_313.mid,jigs313.mid
285,jigs_simple_chords_314.mid,jigs314.mid
286,jigs_simple_chords_315.mid,jigs315.mid
287,jigs_simple_chords_316.mid,jigs316.mid
288,jigs_simple_chords_317.mid,jigs317.mid
289,jigs_simple_chords_318.mid,jigs318.mid
290,jigs_simple_chords_319.mid,jigs319.mid
291,jigs_simple_chords_32.mid,jigs32.mid
292,jigs_simple_chords_320.mid,jigs320.mid
293,jigs_simple_chords_321.mid,jigs321.mid
294,jigs_simple_chords_322.mid,jigs322.mid
295,jigs_simple_chords_323.mid,jigs323.mid
296,jigs_simple_chords_324.mid,jigs324.mid
297,jigs_simple_chords_325.mid,jigs325.mid
298,jigs_simple_chords_326.mid,jigs326.mid
299,jigs_simple_chords_327.mid,jigs327.mid
300,jigs_simple_chords_328.mid,jigs328.mid
301,jigs_simple_chords_329.mid,jigs329.mid
302,jigs_simple_chords_33.mid,jigs33.mid
303,jigs_simple_chords_330.mid,jigs330.mid
304,jigs_simple_chords_331.mid,jigs331.mid
305,jigs_simple_chords_332.mid,jigs332.mid
306,jigs_simple_chords_333.mid,jigs333.mid
307,jigs_simple_chords_334.mid,jigs334.mid
308,jigs_simple_chords_335.mid,jigs335.mid
309,jigs_simple_chords_336.mid,jigs336.mid
310,jigs_simple_chords_337.mid,jigs337.mid
311,jigs_simple_chords_338.mid,jigs338.mid
312,jigs_simple_chords_339.mid,jigs339.mid
313,jigs_simple_chords_34.mid,jigs34.mid
314,jigs_simple_chords_340.mid,jigs340.mid
315,jigs_simple_chords_35.mid,jigs35.mid
316,jigs_simple_chords_36.mid,jigs36.mid
317,jigs_simple_chords_37.mid,jigs37.mid
318,jigs_simple_chords_38.mid,jigs38.mid
319,jigs_simple_chords_39.mid,jigs39.mid
320,jigs_simple_chords_4.mid,jigs4.mid
321,jigs_simple_chords_40.mid,jigs40.mid
322,jigs_simple_chords_41.mid,jigs41.mid
323,jigs_simple_chords_42.mid,jigs42.mid
324,jigs_simple_chords_43.mid,jigs43.mid
325,jigs_simple_chords_44.mid,jigs44.mid
326,jigs_simple_chords_45.mid,jigs45.mid
327,jigs_simple_chords_46.mid,jigs46.mid
328,jigs_simple_chords_47.mid,jigs47.mid
329,jigs_simple_chords_48.mid,jigs48.mid
330,jigs_simple_chords_49.mid,jigs49.mid
331,jigs_simple_chords_5.mid,jigs5.mid
332,jigs_simple_chords_50.mid,jigs50.mid
333,jigs_simple_chords_51.mid,jigs51.mid
334,jigs_simple_chords_52.mid,jigs52.mid
335,jigs_simple_chords_53.mid,jigs53.mid
336,jigs_simple_chords_54.mid,jigs54.mid
337,jigs_simple_chords_55.mid,jigs55.mid
338,jigs_simple_chords_56.mid,jigs56.mid
339,jigs_simple_chords_57.mid,jigs57.mid
340,jigs_simple_chords_58.mid,jigs58.mid
341,jigs_simple_chords_59.mid,jigs59.mid
342,jigs_simple_chords_6.mid,jigs6.mid
343,jigs_simple_chords_60.mid,jigs60.mid
344,jigs_simple_chords_61.mid,jigs61.mid
345,jigs_simple_chords_62.mid,jigs62.mid
346,jigs_simple_chords_63.mid,jigs63.mid
347,jigs_simple_chords_64.mid,jigs64.mid
348,jigs_simple_chords_65.mid,jigs65.mid
349,jigs_simple_chords_66.mid,jigs66.mid
350,jigs_simple_chords_67.mid,jigs67.mid
351,jigs_simple_chords_68.mid,jigs68.mid
352,jigs_simple_chords_69.mid,jigs69.mid
353,jigs_simple_chords_7.mid,jigs7.mid
354,jigs_simple_chords_70.mid,jigs70.mid
355,jigs_simple_chords_71.mid,jigs71.mid
356,jigs_simple_chords_72.mid,jigs72.mid
357,jigs_simple_chords_73.mid,jigs73.mid
358,jigs_simple_chords_74.mid,jigs74.mid
359,jigs_simple_chords_75.mid,jigs75.mid
360,jigs_simple_chords_76.mid,jigs76.mid
361,jigs_simple_chords_77.mid,jigs77.mid
362,jigs_simple_chords_78.mid,jigs78.mid
363,jigs_simple_chords_79.mid,jigs79.mid
364,jigs_simple_chords_8.mid,jigs8.mid
365,jigs_simple_chords_80.mid,jigs80.mid
366,jigs_simple_chords_81.mid,jigs81.mid
367,jigs_simple_chords_82.mid,jigs82.mid
368,jigs_simple_chords_83.mid,jigs83.mid
369,jigs_simple_chords_84.mid,jigs84.mid
370,jigs_simple_chords_85.mid,jigs85.mid
371,jigs_simple_chords_86.mid,jigs86.mid
372,jigs_simple_chords_87.mid,jigs87.mid
373,jigs_simple_chords_88.mid,jigs88.mid
374,jigs_simple_chords_89.mid,jigs89.mid
375,jigs_simple_chords_9.mid,jigs9.mid
376,jigs_simple_chords_90.mid,jigs90.mid
377,jigs_simple_chords_91.mid,jigs91.mid
378,jigs_simple_chords_92.mid,jigs92.mid
379,jigs_simple_chords_93.mid,jigs93.mid
380,jigs_simple_chords_94.mid,jigs94.mid
381,jigs_simple_chords_95.mid,jigs95.mid
382,jigs_simple_chords_96.mid,jigs96.mid
383,jigs_simple_chords_97.mid,jigs97.mid
384,jigs_simple_chords_98.mid,jigs98.mid
385,jigs_simple_chords_99.mid,jigs99.mid
386,xmas_simple_chords_1.mid,xmas1.mid
387,xmas_simple_chords_10.mid,xmas10.mid
388,xmas_simple_chords_11.mid,xmas11.mid
389,xmas_simple_chords_12.mid,xmas12.mid
390,xmas_simple_chords_13.mid,xmas13.mid
391,xmas_simple_chords_2.mid,xmas2.mid
392,xmas_simple_chords_3.mid,xmas3.mid
393,xmas_simple_chords_4.mid,xmas4.mid
394,xmas_simple_chords_5.mid,xmas5.mid
395,xmas_simple_chords_6.mid,xmas6.mid
396,xmas_simple_chords_7.mid,xmas7.mid
397,xmas_simple_chords_8.mid,xmas8.mid
398,xmas_simple_chords_9.mid,xmas9.mid
399,slip_simple_chords_1.mid,slip1.mid
400,slip_simple_chords_10.mid,slip10.mid
401,slip_simple_chords_11.mid,slip11.mid
402,slip_simple_chords_2.mid,slip2.mid
403,slip_simple_chords_3.mid,slip3.mid
404,slip_simple_chords_4.mid,slip4.mid
405,slip_simple_chords_5.mid,slip5.mid
406,slip_simple_chords_6.mid,slip6.mid
407,slip_simple_chords_7.mid,slip7.mid
408,slip_simple_chords_8.mid,slip8.mid
409,slip_simple_chords_9.mid,slip9.mid
410,ashover_simple_chords_1.mid,ashover1.mid
411,ashover_simple_chords_10.mid,ashover10.mid
412,ashover_simple_chords_11.mid,ashover11.mid
413,ashover_simple_chords_12.mid,ashover12.mid
414,ashover_simple_chords_13.mid,ashover13.mid
415,ashover_simple_chords_14.mid,ashover14.mid
416,ashover_simple_chords_15.mid,ashover15.mid
417,ashover_simple_chords_16.mid,ashover16.mid
418,ashover_simple_chords_17.mid,ashover17.mid
419,ashover_simple_chords_18.mid,ashover18.mid
420,ashover_simple_chords_19.mid,ashover19.mid
421,ashover_simple_chords_2.mid,ashover2.mid
422,ashover_simple_chords_20.mid,ashover20.mid
423,ashover_simple_chords_21.mid,ashover21.mid
424,ashover_simple_chords_22.mid,ashover22.mid
425,ashover_simple_chords_23.mid,ashover23.mid
426,ashover_simple_chords_24.mid,ashover24.mid
427,ashover_simple_chords_25.mid,ashover25.mid
428,ashover_simple_chords_26.mid,ashover26.mid
429,ashover_simple_chords_27.mid,ashover27.mid
430,ashover_simple_chords_28.mid,ashover28.mid
431,ashover_simple_chords_29.mid,ashover29.mid
432,ashover_simple_chords_3.mid,ashover3.mid
433,ashover_simple_chords_30.mid,ashover30.mid
434,ashover_simple_chords_31.mid,ashover31.mid
435,ashover_simple_chords_32.mid,ashover32.mid
436,ashover_simple_chords_33.mid,ashover33.mid
437,ashover_simple_chords_34.mid,ashover34.mid
438,ashover_simple_chords_35.mid,ashover35.mid
439,ashover_simple_chords_36.mid,ashover36.mid
440,ashover_simple_chords_37.mid,ashover37.mid
441,ashover_simple_chords_38.mid,ashover38.mid
442,ashover_simple_chords_39.mid,ashover39.mid
443,ashover_simple_chords_4.mid,ashover4.mid
444,ashover_simple_chords_40.mid,ashover40.mid
445,ashover_simple_chords_41.mid,ashover41.mid
446,ashover_simple_chords_42.mid,ashover42.mid
447,ashover_simple_chords_43.mid,ashover43.mid
448,ashover_simple_chords_44.mid,ashover44.mid
449,ashover_simple_chords_45.mid,ashover45.mid
450,ashover_simple_chords_46.mid,ashover46.mid
451,ashover_simple_chords_5.mid,ashover5.mid
452,ashover_simple_chords_6.mid,ashover6.mid
453,ashover_simple_chords_7.mid,ashover7.mid
454,ashover_simple_chords_8.mid,ashover8.mid
455,ashover_simple_chords_9.mid,ashover9.mid
456,waltzes_simple_chords_1.mid,waltzes1.mid
457,waltzes_simple_chords_10.mid,waltzes10.mid
458,waltzes_simple_chords_11.mid,waltzes11.mid
459,waltzes_simple_chords_12.mid,waltzes12.mid
460,waltzes_simple_chords_13.mid,waltzes13.mid
461,waltzes_simple_chords_14.mid,waltzes14.mid
462,waltzes_simple_chords_15.mid,waltzes15.mid
463,waltzes_simple_chords_16.mid,waltzes16.mid
464,waltzes_simple_chords_17.mid,waltzes17.mid
465,waltzes_simple_chords_18.mid,waltzes18.mid
466,waltzes_simple_chords_19.mid,waltzes19.mid
467,waltzes_simple_chords_2.mid,waltzes2.mid
468,waltzes_simple_chords_20.mid,waltzes20.mid
469,waltzes_simple_chords_21.mid,waltzes21.mid
470,waltzes_simple_chords_22.mid,waltzes22.mid
471,waltzes_simple_chords_23.mid,waltzes23.mid
472,waltzes_simple_chords_24.mid,waltzes24.mid
473,waltzes_simple_chords_25.mid,waltzes25.mid
474,waltzes_simple_chords_26.mid,waltzes26.mid
475,waltzes_simple_chords_27.mid,waltzes27.mid
476,waltzes_simple_chords_28.mid,waltzes28.mid
477,waltzes_simple_chords_29.mid,waltzes29.mid
478,waltzes_simple_chords_3.mid,waltzes3.mid
479,waltzes_simple_chords_30.mid,waltzes30.mid
480,waltzes_simple_chords_31.mid,waltzes31.mid
481,waltzes_simple_chords_32.mid,waltzes32.mid
482,waltzes_simple_chords_33.mid,waltzes33.mid
483,waltzes_simple_chords_34.mid,waltzes34.mid
484,waltzes_simple_chords_35.mid,waltzes35.mid
485,waltzes_simple_chords_36.mid,waltzes36.mid
486,waltzes_simple_chords_37.mid,waltzes37.mid
487,waltzes_simple_chords_38.mid,waltzes38.mid
488,waltzes_simple_chords_39.mid,waltzes39.mid
489,waltzes_simple_chords_4.mid,waltzes4.mid
490,waltzes_simple_chords_40.mid,waltzes40.mid
491,waltzes_simple_chords_41.mid,waltzes41.mid
492,waltzes_simple_chords_42.mid,waltzes42.mid
493,waltzes_simple_chords_43.mid,waltzes43.mid
494,waltzes_simple_chords_44.mid,waltzes44.mid
495,waltzes_simple_chords_45.mid,waltzes45.mid
496,waltzes_simple_chords_46.mid,waltzes46.mid
497,waltzes_simple_chords_47.mid,waltzes47.mid
498,waltzes_simple_chords_48.mid,waltzes48.mid
499,waltzes_simple_chords_49.mid,waltzes49.mid
500,waltzes_simple_chords_5.mid,waltzes5.mid
501,waltzes_simple_chords_50.mid,waltzes50.mid
502,waltzes_simple_chords_51.mid,waltzes51.mid
503,waltzes_simple_chords_52.mid,waltzes52.mid
504,waltzes_simple_chords_6.mid,waltzes6.mid
505,waltzes_simple_chords_7.mid,waltzes7.mid
506,waltzes_simple_chords_8.mid,waltzes8.mid
507,waltzes_simple_chords_9.mid,waltzes9.mid
508,hpps_simple_chords_1.mid,hpps1.mid
509,hpps_simple_chords_10.mid,hpps10.mid
510,hpps_simple_chords_11.mid,hpps11.mid
511,hpps_simple_chords_12.mid,hpps12.mid
512,hpps_simple_chords_13.mid,hpps13.mid
513,hpps_simple_chords_14.mid,hpps14.mid
514,hpps_simple_chords_15.mid,hpps15.mid
515,hpps_simple_chords_16.mid,hpps16.mid
516,hpps_simple_chords_17.mid,hpps17.mid
517,hpps_simple_chords_18.mid,hpps18.mid
518,hpps_simple_chords_19.mid,hpps19.mid
519,hpps_simple_chords_2.mid,hpps2.mid
520,hpps_simple_chords_20.mid,hpps20.mid
521,hpps_simple_chords_21.mid,hpps21.mid
522,hpps_simple_chords_22.mid,hpps22.mid
523,hpps_simple_chords_23.mid,hpps23.mid
524,hpps_simple_chords_24.mid,hpps24.mid
525,hpps_simple_chords_25.mid,hpps25.mid
526,hpps_simple_chords_26.mid,hpps26.mid
527,hpps_simple_chords_27.mid,hpps27.mid
528,hpps_simple_chords_28.mid,hpps28.mid
529,hpps_simple_chords_29.mid,hpps29.mid
530,hpps_simple_chords_3.mid,hpps3.mid
531,hpps_simple_chords_30.mid,hpps30.mid
532,hpps_simple_chords_31.mid,hpps31.mid
533,hpps_simple_chords_32.mid,hpps32.mid
534,hpps_simple_chords_33.mid,hpps33.mid
535,hpps_simple_chords_34.mid,hpps34.mid
536,hpps_simple_chords_35.mid,hpps35.mid
537,hpps_simple_chords_36.mid,hpps36.mid
538,hpps_simple_chords_37.mid,hpps37.mid
539,hpps_simple_chords_38.mid,hpps38.mid
540,hpps_simple_chords_39.mid,hpps39.mid
541,hpps_simple_chords_4.mid,hpps4.mid
542,hpps_simple_chords_40.mid,hpps40.mid
543,hpps_simple_chords_41.mid,hpps41.mid
544,hpps_simple_chords_42.mid,hpps42.mid
545,hpps_simple_chords_43.mid,hpps43.mid
546,hpps_simple_chords_44.mid,hpps44.mid
547,hpps_simple_chords_45.mid,hpps45.mid
548,hpps_simple_chords_46.mid,hpps46.mid
549,hpps_simple_chords_47.mid,hpps47.mid
550,hpps_simple_chords_48.mid,hpps48.mid
551,hpps_simple_chords_49.mid,hpps49.mid
552,hpps_simple_chords_5.mid,hpps5.mid
553,hpps_simple_chords_50.mid,hpps50.mid
554,hpps_simple_chords_51.mid,hpps51.mid
555,hpps_simple_chords_52.mid,hpps52.mid
556,hpps_simple_chords_53.mid,hpps53.mid
557,hpps_simple_chords_54.mid,hpps54.mid
558,hpps_simple_chords_55.mid,hpps55.mid
559,hpps_simple_chords_56.mid,hpps56.mid
560,hpps_simple_chords_57.mid,hpps57.mid
561,hpps_simple_chords_58.mid,hpps58.mid
562,hpps_simple_chords_59.mid,hpps59.mid
563,hpps_simple_chords_6.mid,hpps6.mid
564,hpps_simple_chords_60.mid,hpps60.mid
565,hpps_simple_chords_61.mid,hpps61.mid
566,hpps_simple_chords_62.mid,hpps62.mid
567,hpps_simple_chords_63.mid,hpps63.mid
568,hpps_simple_chords_64.mid,hpps64.mid
569,hpps_simple_chords_65.mid,hpps65.mid
570,hpps_simple_chords_7.mid,hpps7.mid
571,hpps_simple_chords_8.mid,hpps8.mid
572,hpps_simple_chords_9.mid,hpps9.mid
573,reels_simple_chords_1.mid,reelsd-g1.mid
574,reels_simple_chords_2.mid,reelsd-g2.mid
575,reels_simple_chords_3.mid,reelsd-g3.mid
576,reels_simple_chords_4.mid,reelsd-g4.mid
577,reels_simple_chords_5.mid,reelsd-g5.mid
578,reels_simple_chords_6.mid,reelsd-g6.mid
579,reels_simple_chords_7.mid,reelsd-g7.mid
580,reels_simple_chords_8.mid,reelsd-g8.mid
581,reels_simple_chords_9.mid,reelsd-g9.mid
582,reels_simple_chords_10.mid,reelsd-g10.mid
583,reels_simple_chords_11.mid,reelsd-g11.mid
584,reels_simple_chords_12.mid,reelsd-g12.mid
585,reels_simple_chords_13.mid,reelsd-g13.mid
586,reels_simple_chords_14.mid,reelsd-g14.mid
587,reels_simple_chords_15.mid,reelsd-g15.mid
588,reels_simple_chords_16.mid,reelsd-g16.mid
589,reels_simple_chords_17.mid,reelsd-g17.mid
590,reels_simple_chords_18.mid,reelsd-g18.mid
591,reels_simple_chords_19.mid,reelsd-g19.mid
592,reels_simple_chords_20.mid,reelsd-g20.mid
593,reels_simple_chords_21.mid,reelsd-g21.mid
594,reels_simple_chords_22.mid,reelsd-g22.mid
595,reels_simple_chords_23.mid,reelsd-g23.mid
596,reels_simple_chords_24.mid,reelsd-g24.mid
597,reels_simple_chords_25.mid,reelsd-g25.mid
598,reels_simple_chords_26.mid,reelsd-g26.mid
599,reels_simple_chords_27.mid,reelsd-g27.mid
600,reels_simple_chords_28.mid,reelsd-g28.mid
601,reels_simple_chords_29.mid,reelsd-g29.mid
602,reels_simple_chords_30.mid,reelsd-g30.mid
603,reels_simple_chords_31.mid,reelsd-g31.mid
604,reels_simple_chords_32.mid,reelsd-g32.mid
605,reels_simple_chords_33.mid,reelsd-g33.mid
606,reels_simple_chords_34.mid,reelsd-g34.mid
607,reels_simple_chords_35.mid,reelsd-g35.mid
608,reels_simple_chords_36.mid,reelsd-g36.mid
609,reels_simple_chords_37.mid,reelsd-g37.mid
610,reels_simple_chords_38.mid,reelsd-g38.mid
611,reels_simple_chords_39.mid,reelsd-g39.mid
612,reels_simple_chords_40.mid,reelsd-g40.mid
613,reels_simple_chords_41.mid,reelsd-g41.mid
614,reels_simple_chords_42.mid,reelsd-g42.mid
615,reels_simple_chords_43.mid,reelsd-g43.mid
616,reels_simple_chords_44.mid,reelsd-g44.mid
617,reels_simple_chords_45.mid,reelsd-g45.mid
618,reels_simple_chords_46.mid,reelsd-g46.mid
619,reels_simple_chords_47.mid,reelsd-g47.mid
620,reels_simple_chords_48.mid,reelsd-g48.mid
621,reels_simple_chords_49.mid,reelsd-g49.mid
622,reels_simple_chords_50.mid,reelsd-g50.mid
623,reels_simple_chords_51.mid,reelsd-g51.mid
624,reels_simple_chords_52.mid,reelsd-g52.mid
625,reels_simple_chords_53.mid,reelsd-g53.mid
626,reels_simple_chords_54.mid,reelsd-g54.mid
627,reels_simple_chords_55.mid,reelsd-g55.mid
628,reels_simple_chords_56.mid,reelsd-g56.mid
629,reels_simple_chords_57.mid,reelsd-g57.mid
630,reels_simple_chords_58.mid,reelsd-g58.mid
631,reels_simple_chords_59.mid,reelsd-g59.mid
632,reels_simple_chords_60.mid,reelsd-g60.mid
633,reels_simple_chords_61.mid,reelsd-g61.mid
634,reels_simple_chords_62.mid,reelsd-g62.mid
635,reels_simple_chords_63.mid,reelsd-g63.mid
636,reels_simple_chords_64.mid,reelsd-g64.mid
637,reels_simple_chords_65.mid,reelsd-g65.mid
638,reels_simple_chords_66.mid,reelsd-g66.mid
639,reels_simple_chords_67.mid,reelsd-g67.mid
640,reels_simple_chords_68.mid,reelsd-g68.mid
641,reels_simple_chords_69.mid,reelsd-g69.mid
642,reels_simple_chords_70.mid,reelsd-g70.mid
643,reels_simple_chords_71.mid,reelsd-g71.mid
644,reels_simple_chords_72.mid,reelsd-g72.mid
645,reels_simple_chords_73.mid,reelsd-g73.mid
646,reels_simple_chords_74.mid,reelsd-g74.mid
647,reels_simple_chords_75.mid,reelsd-g75.mid
648,reels_simple_chords_76.mid,reelsd-g76.mid
649,reels_simple_chords_77.mid,reelsd-g77.mid
650,reels_simple_chords_78.mid,reelsd-g78.mid
651,reels_simple_chords_79.mid,reelsd-g79.mid
652,reels_simple_chords_80.mid,reelsd-g80.mid
653,reels_simple_chords_81.mid,reelsd-g81.mid
654,reels_simple_chords_82.mid,reelsd-g82.mid
655,reels_simple_chords_83.mid,reelsd-g83.mid
656,reels_simple_chords_84.mid,reelsd-g84.mid
657,reels_simple_chords_85.mid,reelsa-c1.mid
658,reels_simple_chords_86.mid,reelsa-c2.mid
659,reels_simple_chords_87.mid,reelsa-c3.mid
660,reels_simple_chords_88.mid,reelsa-c4.mid
661,reels_simple_chords_89.mid,reelsa-c5.mid
662,reels_simple_chords_90.mid,reelsa-c6.mid
663,reels_simple_chords_91.mid,reelsa-c7.mid
664,reels_simple_chords_92.mid,reelsa-c8.mid
665,reels_simple_chords_93.mid,reelsa-c9.mid
666,reels_simple_chords_94.mid,reelsa-c10.mid
667,reels_simple_chords_95.mid,reelsa-c11.mid
668,reels_simple_chords_96.mid,reelsa-c12.mid
669,reels_simple_chords_97.mid,reelsa-c13.mid
670,reels_simple_chords_98.mid,reelsa-c14.mid
671,reels_simple_chords_99.mid,reelsa-c15.mid
672,reels_simple_chords_100.mid,reelsa-c16.mid
673,reels_simple_chords_101.mid,reelsa-c17.mid
674,reels_simple_chords_102.mid,reelsa-c18.mid
675,reels_simple_chords_103.mid,reelsa-c19.mid
676,reels_simple_chords_104.mid,reelsa-c20.mid
677,reels_simple_chords_105.mid,reelsa-c21.mid
678,reels_simple_chords_106.mid,reelsa-c22.mid
679,reels_simple_chords_107.mid,reelsa-c23.mid
680,reels_simple_chords_108.mid,reelsa-c24.mid
681,reels_simple_chords_109.mid,reelsa-c25.mid
682,reels_simple_chords_110.mid,reelsa-c26.mid
683,reels_simple_chords_111.mid,reelsa-c27.mid
684,reels_simple_chords_112.mid,reelsa-c28.mid
685,reels_simple_chords_113.mid,reelsa-c29.mid
686,reels_simple_chords_114.mid,reelsa-c30.mid
687,reels_simple_chords_115.mid,reelsa-c31.mid
688,reels_simple_chords_116.mid,reelsa-c32.mid
689,reels_simple_chords_117.mid,reelsa-c33.mid
690,reels_simple_chords_118.mid,reelsa-c34.mid
691,reels_simple_chords_119.mid,reelsa-c35.mid
692,reels_simple_chords_120.mid,reelsa-c36.mid
693,reels_simple_chords_121.mid,reelsa-c37.mid
694,reels_simple_chords_122.mid,reelsa-c38.mid
695,reels_simple_chords_123.mid,reelsa-c39.mid
696,reels_simple_chords_124.mid,reelsa-c40.mid
697,reels_simple_chords_125.mid,reelsa-c41.mid
698,reels_simple_chords_126.mid,reelsa-c42.mid
699,reels_simple_chords_127.mid,reelsa-c43.mid
700,reels_simple_chords_128.mid,reelsa-c44.mid
701,reels_simple_chords_129.mid,reelsa-c45.mid
702,reels_simple_chords_130.mid,reelsa-c46.mid
703,reels_simple_chords_131.mid,reelsa-c47.mid
704,reels_simple_chords_132.mid,reelsa-c48.mid
705,reels_simple_chords_133.mid,reelsa-c49.mid
706,reels_simple_chords_134.mid,reelsa-c50.mid
707,reels_simple_chords_135.mid,reelsa-c51.mid
708,reels_simple_chords_136.mid,reelsa-c52.mid
709,reels_simple_chords_137.mid,reelsa-c53.mid
710,reels_simple_chords_138.mid,reelsa-c54.mid
711,reels_simple_chords_139.mid,reelsa-c55.mid
712,reels_simple_chords_140.mid,reelsa-c56.mid
713,reels_simple_chords_141.mid,reelsa-c57.mid
714,reels_simple_chords_142.mid,reelsa-c58.mid
715,reels_simple_chords_143.mid,reelsa-c59.mid
716,reels_simple_chords_144.mid,reelsa-c60.mid
717,reels_simple_chords_145.mid,reelsa-c61.mid
718,reels_simple_chords_146.mid,reelsa-c62.mid
719,reels_simple_chords_147.mid,reelsa-c63.mid
720,reels_simple_chords_148.mid,reelsa-c64.mid
721,reels_simple_chords_149.mid,reelsa-c65.mid
722,reels_simple_chords_150.mid,reelsa-c66.mid
723,reels_simple_chords_151.mid,reelsa-c67.mid
724,reels_simple_chords_152.mid,reelsa-c68.mid
725,reels_simple_chords_153.mid,reelsa-c69.mid
726,reels_simple_chords_154.mid,reelsa-c70.mid
727,reels_simple_chords_155.mid,reelsa-c71.mid
728,reels_simple_chords_156.mid,reelsa-c72.mid
729,reels_simple_chords_157.mid,reelsa-c73.mid
730,reels_simple_chords_158.mid,reelsa-c74.mid
731,reels_simple_chords_159.mid,reelsa-c75.mid
732,reels_simple_chords_160.mid,reelsa-c76.mid
733,reels_simple_chords_161.mid,reelsa-c77.mid
734,reels_simple_chords_162.mid,reelsa-c78.mid
735,reels_simple_chords_163.mid,reelsa-c79.mid
736,reels_simple_chords_164.mid,reelsa-c80.mid
737,reels_simple_chords_165.mid,reelsa-c81.mid
738,reels_simple_chords_166.mid,reelsr-t1.mid
739,reels_simple_chords_167.mid,reelsr-t2.mid
740,reels_simple_chords_168.mid,reelsr-t3.mid
741,reels_simple_chords_169.mid,reelsr-t4.mid
742,reels_simple_chords_170.mid,reelsr-t5.mid
743,reels_simple_chords_171.mid,reelsr-t6.mid
744,reels_simple_chords_172.mid,reelsr-t7.mid
745,reels_simple_chords_173.mid,reelsr-t8.mid
746,reels_simple_chords_174.mid,reelsr-t9.mid
747,reels_simple_chords_175.mid,reelsr-t10.mid
748,reels_simple_chords_176.mid,reelsr-t11.mid
749,reels_simple_chords_177.mid,reelsr-t12.mid
750,reels_simple_chords_178.mid,reelsr-t13.mid
751,reels_simple_chords_179.mid,reelsr-t14.mid
752,reels_simple_chords_180.mid,reelsr-t15.mid
753,reels_simple_chords_181.mid,reelsr-t16.mid
754,reels_simple_chords_182.mid,reelsr-t17.mid
755,reels_simple_chords_183.mid,reelsr-t18.mid
756,reels_simple_chords_184.mid,reelsr-t19.mid
757,reels_simple_chords_185.mid,reelsr-t20.mid
758,reels_simple_chords_186.mid,reelsr-t21.mid
759,reels_simple_chords_187.mid,reelsr-t22.mid
760,reels_simple_chords_188.mid,reelsr-t23.mid
761,reels_simple_chords_189.mid,reelsr-t24.mid
762,reels_simple_chords_190.mid,reelsr-t25.mid
763,reels_simple_chords_191.mid,reelsr-t26.mid
764,reels_simple_chords_192.mid,reelsr-t27.mid
765,reels_simple_chords_193.mid,reelsr-t28.mid
766,reels_simple_chords_194.mid,reelsr-t29.mid
767,reels_simple_chords_195.mid,reelsr-t30.mid
768,reels_simple_chords_196.mid,reelsr-t31.mid
769,reels_simple_chords_197.mid,reelsr-t32.mid
770,reels_simple_chords_198.mid,reelsr-t33.mid
771,reels_simple_chords_199.mid,reelsr-t34.mid
772,reels_simple_chords_200.mid,reelsr-t35.mid
773,reels_simple_chords_201.mid,reelsr-t36.mid
774,reels_simple_chords_202.mid,reelsr-t37.mid
775,reels_simple_chords_203.mid,reelsr-t38.mid
776,reels_simple_chords_204.mid,reelsr-t39.mid
777,reels_simple_chords_205.mid,reelsr-t40.mid
778,reels_simple_chords_206.mid,reelsr-t41.mid
779,reels_simple_chords_207.mid,reelsr-t42.mid
780,reels_simple_chords_208.mid,reelsr-t43.mid
781,reels_simple_chords_209.mid,reelsr-t44.mid
782,reels_simple_chords_210.mid,reelsr-t45.mid
783,reels_simple_chords_211.mid,reelsr-t46.mid
784,reels_simple_chords_212.mid,reelsr-t47.mid
785,reels_simple_chords_213.mid,reelsr-t48.mid
786,reels_simple_chords_214.mid,reelsr-t49.mid
787,reels_simple_chords_215.mid,reelsr-t50.mid
788,reels_simple_chords_216.mid,reelsr-t51.mid
789,reels_simple_chords_217.mid,reelsr-t52.mid
790,reels_simple_chords_218.mid,reelsr-t53.mid
791,reels_simple_chords_219.mid,reelsr-t54.mid
792,reels_simple_chords_220.mid,reelsr-t55.mid
793,reels_simple_chords_221.mid,reelsr-t56.mid
794,reels_simple_chords_222.mid,reelsr-t57.mid
795,reels_simple_chords_223.mid,reelsr-t58.mid
796,reels_simple_chords_224.mid,reelsr-t59.mid
797,reels_simple_chords_225.mid,reelsr-t60.mid
798,reels_simple_chords_226.mid,reelsr-t61.mid
799,reels_simple_chords_227.mid,reelsr-t62.mid
800,reels_simple_chords_228.mid,reelsr-t63.mid
801,reels_simple_chords_229.mid,reelsr-t64.mid
802,reels_simple_chords_230.mid,reelsr-t65.mid
803,reels_simple_chords_231.mid,reelsr-t66.mid
804,reels_simple_chords_232.mid,reelsr-t67.mid
805,reels_simple_chords_233.mid,reelsr-t68.mid
806,reels_simple_chords_234.mid,reelsr-t69.mid
807,reels_simple_chords_234.mid,reelsr-t71.mid
808,reels_simple_chords_235.mid,reelsr-t70.mid
808,reels_simple_chords_236.mid,reelsr-t71.mid
809,reels_simple_chords_237.mid,reelsr-t72.mid
810,reels_simple_chords_238.mid,reelsr-t73.mid
811,reels_simple_chords_239.mid,reelsr-t74.mid
812,reels_simple_chords_240.mid,reelsr-t75.mid
813,reels_simple_chords_241.mid,reelsr-t76.mid
814,reels_simple_chords_242.mid,reelsr-t77.mid
815,reels_simple_chords_243.mid,reelsr-t78.mid
816,reels_simple_chords_244.mid,reelsr-t79.mid
817,reels_simple_chords_245.mid,reelsr-t80.mid
818,reels_simple_chords_246.mid,reelsr-t81.mid
819,reels_simple_chords_247.mid,reelsr-t82.mid
820,reels_simple_chords_248.mid,reelsr-t83.mid
821,reels_simple_chords_249.mid,reelsr-t84.mid
822,reels_simple_chords_250.mid,reelsr-t85.mid
823,reels_simple_chords_251.mid,reelsr-t86.mid
824,reels_simple_chords_252.mid,reelsr-t87.mid
825,reels_simple_chords_253.mid,reelsr-t88.mid
826,reels_simple_chords_254.mid,reelsr-t89.mid
827,reels_simple_chords_255.mid,reelsr-t90.mid
828,reels_simple_chords_256.mid,reelsr-t91.mid
829,reels_simple_chords_257.mid,reelsr-t92.mid
830,reels_simple_chords_258.mid,reelsh-l1.mid
831,reels_simple_chords_259.mid,reelsh-l2.mid
832,reels_simple_chords_260.mid,reelsh-l3.mid
833,reels_simple_chords_261.mid,reelsh-l4.mid
834,reels_simple_chords_262.mid,reelsh-l5.mid
835,reels_simple_chords_263.mid,reelsh-l6.mid
836,reels_simple_chords_264.mid,reelsh-l7.mid
837,reels_simple_chords_265.mid,reelsh-l8.mid
838,reels_simple_chords_266.mid,reelsh-l9.mid
839,reels_simple_chords_267.mid,reelsh-l10.mid
840,reels_simple_chords_268.mid,reelsh-l11.mid
841,reels_simple_chords_269.mid,reelsh-l12.mid
842,reels_simple_chords_270.mid,reelsh-l13.mid
843,reels_simple_chords_271.mid,reelsh-l14.mid
844,reels_simple_chords_272.mid,reelsh-l15.mid
845,reels_simple_chords_273.mid,reelsh-l16.mid
846,reels_simple_chords_274.mid,reelsh-l17.mid
847,reels_simple_chords_275.mid,reelsh-l18.mid
848,reels_simple_chords_276.mid,reelsh-l19.mid
849,reels_simple_chords_277.mid,reelsh-l20.mid
850,reels_simple_chords_278.mid,reelsh-l21.mid
851,reels_simple_chords_279.mid,reelsh-l22.mid
852,reels_simple_chords_280.mid,reelsh-l23.mid
853,reels_simple_chords_281.mid,reelsh-l24.mid
854,reels_simple_chords_282.mid,reelsh-l25.mid
855,reels_simple_chords_283.mid,reelsh-l26.mid
856,reels_simple_chords_284.mid,reelsh-l27.mid
857,reels_simple_chords_285.mid,reelsh-l28.mid
858,reels_simple_chords_286.mid,reelsh-l29.mid
859,reels_simple_chords_287.mid,reelsh-l30.mid
860,reels_simple_chords_288.mid,reelsh-l31.mid
861,reels_simple_chords_289.mid,reelsh-l32.mid
862,reels_simple_chords_290.mid,reelsh-l33.mid
863,reels_simple_chords_291.mid,reelsh-l34.mid
864,reels_simple_chords_292.mid,reelsh-l35.mid
865,reels_simple_chords_293.mid,reelsh-l36.mid
866,reels_simple_chords_294.mid,reelsh-l37.mid
867,reels_simple_chords_295.mid,reelsh-l38.mid
868,reels_simple_chords_296.mid,reelsh-l39.mid
869,reels_simple_chords_297.mid,reelsh-l40.mid
870,reels_simple_chords_298.mid,reelsh-l41.mid
871,reels_simple_chords_299.mid,reelsh-l42.mid
872,reels_simple_chords_300.mid,reelsh-l43.mid
873,reels_simple_chords_301.mid,reelsh-l44.mid
874,reels_simple_chords_302.mid,reelsh-l45.mid
875,reels_simple_chords_303.mid,reelsh-l46.mid
876,reels_simple_chords_304.mid,reelsh-l47.mid
877,reels_simple_chords_308.mid,reelsh-l51.mid
878,reels_simple_chords_309.mid,reelsh-l52.mid
879,reels_simple_chords_310.mid,reelsh-l53.mid
880,reels_simple_chords_311.mid,reelsh-l54.mid
881,reels_simple_chords_312.mid,reelsh-l55.mid
882,reels_simple_chords_313.mid,reelsh-l56.mid
883,reels_simple_chords_314.mid,reelsh-l57.mid
884,reels_simple_chords_315.mid,reelsh-l58.mid
885,reels_simple_chords_316.mid,reelsh-l59.mid
886,reels_simple_chords_317.mid,reelsh-l60.mid
887,reels_simple_chords_318.mid,reelsh-l61.mid
888,reels_simple_chords_319.mid,reelsh-l62.mid
889,reels_simple_chords_320.mid,reelsh-l63.mid
890,reels_simple_chords_321.mid,reelsh-l64.mid
891,reels_simple_chords_322.mid,reelsh-l65.mid
892,reels_simple_chords_323.mid,reelsh-l66.mid
893,reels_simple_chords_324.mid,reelsh-l67.mid
894,reels_simple_chords_325.mid,reelsh-l68.mid
895,reels_simple_chords_326.mid,reelsh-l69.mid
896,reels_simple_chords_327.mid,reelsh-l70.mid
897,reels_simple_chords_328.mid,reelsh-l71.mid
898,reels_simple_chords_329.mid,reelsh-l72.mid
899,reels_simple_chords_330.mid,reelsh-l73.mid
900,reels_simple_chords_331.mid,reelsh-l74.mid
901,reels_simple_chords_332.mid,reelsh-l75.mid
902,reels_simple_chords_333.mid,reelsh-l76.mid
903,reels_simple_chords_334.mid,reelsh-l77.mid
904,reels_simple_chords_335.mid,reelsh-l78.mid
905,reels_simple_chords_336.mid,reelsh-l79.mid
906,reels_simple_chords_337.mid,reelsh-l80.mid
907,reels_simple_chords_338.mid,reelsh-l81.mid
908,reels_simple_chords_339.mid,reelsh-l82.mid
909,reels_simple_chords_340.mid,reelsh-l83.mid
910,reels_simple_chords_341.mid,reelsh-l84.mid
911,reels_simple_chords_342.mid,reelsh-l85.mid
912,reels_simple_chords_343.mid,reelsh-l86.mid
913,reels_simple_chords_344.mid,reelsh-l87.mid
914,reels_simple_chords_345.mid,reelsh-l88.mid
915,reels_simple_chords_346.mid,reelsh-l89.mid
916,reels_simple_chords_347.mid,reelsh-l90.mid
917,reels_simple_chords_348.mid,reelsh-l91.mid
918,reels_simple_chords_349.mid,reelsh-l92.mid
919,reels_simple_chords_350.mid,reelsh-l93.mid
920,reels_simple_chords_351.mid,reelsm-q1.mid
921,reels_simple_chords_352.mid,reelsm-q2.mid
922,reels_simple_chords_353.mid,reelsm-q3.mid
923,reels_simple_chords_354.mid,reelsm-q4.mid
924,reels_simple_chords_355.mid,reelsm-q5.mid
925,reels_simple_chords_356.mid,reelsm-q6.mid
926,reels_simple_chords_357.mid,reelsm-q7.mid
927,reels_simple_chords_358.mid,reelsm-q8.mid
928,reels_simple_chords_359.mid,reelsm-q9.mid
929,reels_simple_chords_360.mid,reelsm-q10.mid
930,reels_simple_chords_361.mid,reelsm-q11.mid
931,reels_simple_chords_362.mid,reelsm-q12.mid
932,reels_simple_chords_363.mid,reelsm-q13.mid
933,reels_simple_chords_364.mid,reelsm-q14.mid
934,reels_simple_chords_365.mid,reelsm-q15.mid
935,reels_simple_chords_366.mid,reelsm-q16.mid
936,reels_simple_chords_367.mid,reelsm-q17.mid
937,reels_simple_chords_368.mid,reelsm-q18.mid
938,reels_simple_chords_369.mid,reelsm-q19.mid
939,reels_simple_chords_370.mid,reelsm-q20.mid
940,reels_simple_chords_371.mid,reelsm-q21.mid
941,reels_simple_chords_372.mid,reelsm-q22.mid
942,reels_simple_chords_373.mid,reelsm-q23.mid
943,reels_simple_chords_374.mid,reelsm-q24.mid
944,reels_simple_chords_375.mid,reelsm-q25.mid
945,reels_simple_chords_376.mid,reelsm-q26.mid
946,reels_simple_chords_377.mid,reelsm-q27.mid
947,reels_simple_chords_378.mid,reelsm-q28.mid
948,reels_simple_chords_379.mid,reelsm-q29.mid
949,reels_simple_chords_380.mid,reelsm-q30.mid
950,reels_simple_chords_381.mid,reelsm-q31.mid
951,reels_simple_chords_382.mid,reelsm-q32.mid
952,reels_simple_chords_383.mid,reelsm-q33.mid
953,reels_simple_chords_384.mid,reelsm-q34.mid
954,reels_simple_chords_385.mid,reelsm-q35.mid
955,reels_simple_chords_386.mid,reelsm-q36.mid
956,reels_simple_chords_387.mid,reelsm-q37.mid
957,reels_simple_chords_388.mid,reelsm-q38.mid
958,reels_simple_chords_389.mid,reelsm-q39.mid
959,reels_simple_chords_390.mid,reelsm-q40.mid
960,reels_simple_chords_391.mid,reelsm-q41.mid
961,reels_simple_chords_392.mid,reelsm-q42.mid
962,reels_simple_chords_393.mid,reelsm-q43.mid
963,reels_simple_chords_394.mid,reelsm-q44.mid
964,reels_simple_chords_395.mid,reelsm-q45.mid
965,reels_simple_chords_396.mid,reelsm-q46.mid
966,reels_simple_chords_397.mid,reelsm-q47.mid
967,reels_simple_chords_398.mid,reelsm-q48.mid
968,reels_simple_chords_399.mid,reelsm-q49.mid
969,reels_simple_chords_400.mid,reelsm-q50.mid
970,reels_simple_chords_401.mid,reelsm-q51.mid
971,reels_simple_chords_402.mid,reelsm-q52.mid
972,reels_simple_chords_403.mid,reelsm-q53.mid
973,reels_simple_chords_404.mid,reelsm-q54.mid
974,reels_simple_chords_405.mid,reelsm-q55.mid
975,reels_simple_chords_406.mid,reelsm-q56.mid
976,reels_simple_chords_407.mid,reelsm-q57.mid
977,reels_simple_chords_408.mid,reelsm-q58.mid
978,reels_simple_chords_409.mid,reelsm-q59.mid
979,reels_simple_chords_410.mid,reelsm-q60.mid
980,reels_simple_chords_411.mid,reelsm-q61.mid
981,reels_simple_chords_412.mid,reelsm-q62.mid
982,reels_simple_chords_413.mid,reelsm-q63.mid
983,reels_simple_chords_414.mid,reelsm-q64.mid
984,reels_simple_chords_415.mid,reelsm-q65.mid
985,reels_simple_chords_416.mid,reelsm-q66.mid
986,reels_simple_chords_417.mid,reelsm-q67.mid
987,reels_simple_chords_418.mid,reelsm-q68.mid
988,reels_simple_chords_419.mid,reelsm-q69.mid
989,reels_simple_chords_420.mid,reelsm-q70.mid
990,reels_simple_chords_421.mid,reelsm-q71.mid
991,reels_simple_chords_422.mid,reelsm-q72.mid
992,reels_simple_chords_423.mid,reelsm-q73.mid
993,reels_simple_chords_424.mid,reelsm-q74.mid
994,reels_simple_chords_425.mid,reelsm-q75.mid
995,reels_simple_chords_426.mid,reelsm-q76.mid
996,reels_simple_chords_427.mid,reelsm-q77.mid
997,reels_simple_chords_428.mid,reelsm-q78.mid
998,reels_simple_chords_429.mid,reelsm-q79.mid
999,reels_simple_chords_430.mid,reelsm-q80.mid
1000,reels_simple_chords_431.mid,reelsu-z1.mid
1001,reels_simple_chords_432.mid,reelsu-z2.mid
1002,reels_simple_chords_433.mid,reelsu-z3.mid
1003,reels_simple_chords_434.mid,reelsu-z4.mid
1004,reels_simple_chords_435.mid,reelsu-z5.mid
1005,reels_simple_chords_436.mid,reelsu-z6.mid
1006,reels_simple_chords_437.mid,reelsu-z7.mid
1007,reels_simple_chords_438.mid,reelsu-z8.mid
1008,reels_simple_chords_439.mid,reelsu-z9.mid
1009,reels_simple_chords_440.mid,reelsu-z10.mid
1010,reels_simple_chords_441.mid,reelsu-z11.mid
1011,reels_simple_chords_442.mid,reelsu-z12.mid
1012,reels_simple_chords_443.mid,reelsu-z13.mid
1013,reels_simple_chords_444.mid,reelsu-z14.mid
1014,reels_simple_chords_445.mid,reelsu-z15.mid
1015,reels_simple_chords_446.mid,reelsu-z16.mid
1016,reels_simple_chords_447.mid,reelsu-z17.mid
1017,reels_simple_chords_448.mid,reelsu-z18.mid
1018,reels_simple_chords_449.mid,reelsu-z19.mid
1019,reels_simple_chords_450.mid,reelsu-z20.mid
1020,reels_simple_chords_451.mid,reelsu-z21.mid
1021,reels_simple_chords_452.mid,reelsu-z22.mid
1022,reels_simple_chords_453.mid,reelsu-z23.mid
1023,reels_simple_chords_454.mid,reelsu-z24.mid
1024,reels_simple_chords_455.mid,reelsu-z25.mid
1025,reels_simple_chords_456.mid,reelsu-z26.mid
1026,reels_simple_chords_457.mid,reelsu-z27.mid
1027,reels_simple_chords_458.mid,reelsu-z28.mid
1028,reels_simple_chords_459.mid,reelsu-z29.mid
1029,reels_simple_chords_460.mid,reelsu-z30.mid
1030,reels_simple_chords_461.mid,reelsu-z31.mid
1031,reels_simple_chords_462.mid,reelsu-z32.mid
1032,reels_simple_chords_463.mid,reelsu-z33.mid
1033,reels_simple_chords_464.mid,reelsu-z34.mid
