,fn_query,fn_db
0,playford1.mid,playford_simple_chords_1.mid
1,playford10.mid,playford_simple_chords_10.mid
2,playford11.mid,playford_simple_chords_11.mid
3,playford12.mid,playford_simple_chords_12.mid
4,playford13.mid,playford_simple_chords_13.mid
5,playford14.mid,playford_simple_chords_14.mid
6,playford15.mid,playford_simple_chords_15.mid
7,playford2.mid,playford_simple_chords_2.mid
8,playford3.mid,playford_simple_chords_3.mid
9,playford4.mid,playford_simple_chords_4.mid
10,playford5.mid,playford_simple_chords_5.mid
11,playford6.mid,playford_simple_chords_6.mid
12,playford7.mid,playford_simple_chords_7.mid
13,playford8.mid,playford_simple_chords_8.mid
14,playford9.mid,playford_simple_chords_9.mid
15,morris1.mid,morris_simple_chords_1.mid
16,morris10.mid,morris_simple_chords_10.mid
17,morris11.mid,morris_simple_chords_11.mid
18,morris12.mid,morris_simple_chords_12.mid
19,morris13.mid,morris_simple_chords_13.mid
20,morris14.mid,morris_simple_chords_14.mid
21,morris15.mid,morris_simple_chords_15.mid
22,morris16.mid,morris_simple_chords_16.mid
23,morris17.mid,morris_simple_chords_17.mid
24,morris18.mid,morris_simple_chords_18.mid
25,morris19.mid,morris_simple_chords_19.mid
26,morris2.mid,morris_simple_chords_2.mid
27,morris20.mid,morris_simple_chords_20.mid
28,morris21.mid,morris_simple_chords_21.mid
29,morris22.mid,morris_simple_chords_22.mid
30,morris23.mid,morris_simple_chords_23.mid
31,morris24.mid,morris_simple_chords_24.mid
32,morris25.mid,morris_simple_chords_25.mid
33,morris26.mid,morris_simple_chords_26.mid
34,morris27.mid,morris_simple_chords_27.mid
35,morris28.mid,morris_simple_chords_28.mid
36,morris29.mid,morris_simple_chords_29.mid
37,morris3.mid,morris_simple_chords_3.mid
38,morris30.mid,morris_simple_chords_30.mid
39,morris31.mid,morris_simple_chords_31.mid
40,morris4.mid,morris_simple_chords_4.mid
41,morris5.mid,morris_simple_chords_5.mid
42,morris6.mid,morris_simple_chords_6.mid
43,morris7.mid,morris_simple_chords_7.mid
44,morris8.mid,morris_simple_chords_8.mid
45,morris9.mid,morris_simple_chords_9.mid
46,jigs1.mid,jigs_simple_chords_1.mid
47,jigs10.mid,jigs_simple_chords_10.mid
48,jigs100.mid,jigs_simple_chords_100.mid
49,jigs101.mid,jigs_simple_chords_101.mid
50,jigs102.mid,jigs_simple_chords_102.mid
51,jigs103.mid,jigs_simple_chords_103.mid
52,jigs104.mid,jigs_simple_chords_104.mid
53,jigs105.mid,jigs_simple_chords_105.mid
54,jigs106.mid,jigs_simple_chords_106.mid
55,jigs107.mid,jigs_simple_chords_107.mid
56,jigs108.mid,jigs_simple_chords_108.mid
57,jigs109.mid,jigs_simple_chords_109.mid
58,jigs11.mid,jigs_simple_chords_11.mid
59,jigs110.mid,jigs_simple_chords_110.mid
60,jigs111.mid,jigs_simple_chords_111.mid
61,jigs112.mid,jigs_simple_chords_112.mid
62,jigs113.mid,jigs_simple_chords_113.mid
63,jigs114.mid,jigs_simple_chords_114.mid
64,jigs115.mid,jigs_simple_chords_115.mid
65,jigs116.mid,jigs_simple_chords_116.mid
66,jigs117.mid,jigs_simple_chords_117.mid
67,jigs118.mid,jigs_simple_chords_118.mid
68,jigs119.mid,jigs_simple_chords_119.mid
69,jigs12.mid,jigs_simple_chords_12.mid
70,jigs120.mid,jigs_simple_chords_120.mid
71,jigs121.mid,jigs_simple_chords_121.mid
72,jigs122.mid,jigs_simple_chords_122.mid
73,jigs123.mid,jigs_simple_chords_123.mid
74,jigs124.mid,jigs_simple_chords_124.mid
75,jigs125.mid,jigs_simple_chords_125.mid
76,jigs126.mid,jigs_simple_chords_126.mid
77,jigs127.mid,jigs_simple_chords_127.mid
78,jigs128.mid,jigs_simple_chords_128.mid
79,jigs129.mid,jigs_simple_chords_129.mid
80,jigs13.mid,jigs_simple_chords_13.mid
81,jigs130.mid,jigs_simple_chords_130.mid
82,jigs131.mid,jigs_simple_chords_131.mid
83,jigs132.mid,jigs_simple_chords_132.mid
84,jigs133.mid,jigs_simple_chords_133.mid
85,jigs134.mid,jigs_simple_chords_134.mid
86,jigs135.mid,jigs_simple_chords_135.mid
87,jigs136.mid,jigs_simple_chords_136.mid
88,jigs137.mid,jigs_simple_chords_137.mid
89,jigs138.mid,jigs_simple_chords_138.mid
90,jigs139.mid,jigs_simple_chords_139.mid
91,jigs14.mid,jigs_simple_chords_14.mid
92,jigs140.mid,jigs_simple_chords_140.mid
93,jigs141.mid,jigs_simple_chords_141.mid
94,jigs142.mid,jigs_simple_chords_142.mid
95,jigs143.mid,jigs_simple_chords_143.mid
96,jigs144.mid,jigs_simple_chords_144.mid
97,jigs145.mid,jigs_simple_chords_145.mid
98,jigs146.mid,jigs_simple_chords_146.mid
99,jigs147.mid,jigs_simple_chords_147.mid
100,jigs148.mid,jigs_simple_chords_148.mid
101,jigs149.mid,jigs_simple_chords_149.mid
102,jigs15.mid,jigs_simple_chords_15.mid
103,jigs150.mid,jigs_simple_chords_150.mid
104,jigs151.mid,jigs_simple_chords_151.mid
105,jigs152.mid,jigs_simple_chords_152.mid
106,jigs153.mid,jigs_simple_chords_153.mid
107,jigs154.mid,jigs_simple_chords_154.mid
108,jigs155.mid,jigs_simple_chords_155.mid
109,jigs156.mid,jigs_simple_chords_156.mid
110,jigs157.mid,jigs_simple_chords_157.mid
111,jigs158.mid,jigs_simple_chords_158.mid
112,jigs159.mid,jigs_simple_chords_159.mid
113,jigs16.mid,jigs_simple_chords_16.mid
114,jigs160.mid,jigs_simple_chords_160.mid
115,jigs161.mid,jigs_simple_chords_161.mid
116,jigs162.mid,jigs_simple_chords_162.mid
117,jigs163.mid,jigs_simple_chords_163.mid
118,jigs164.mid,jigs_simple_chords_164.mid
119,jigs165.mid,jigs_simple_chords_165.mid
120,jigs166.mid,jigs_simple_chords_166.mid
121,jigs167.mid,jigs_simple_chords_167.mid
122,jigs168.mid,jigs_simple_chords_168.mid
123,jigs169.mid,jigs_simple_chords_169.mid
124,jigs17.mid,jigs_simple_chords_17.mid
125,jigs170.mid,jigs_simple_chords_170.mid
126,jigs171.mid,jigs_simple_chords_171.mid
127,jigs172.mid,jigs_simple_chords_172.mid
128,jigs173.mid,jigs_simple_chords_173.mid
129,jigs174.mid,jigs_simple_chords_174.mid
130,jigs175.mid,jigs_simple_chords_175.mid
131,jigs176.mid,jigs_simple_chords_176.mid
132,jigs177.mid,jigs_simple_chords_177.mid
133,jigs178.mid,jigs_simple_chords_178.mid
134,jigs179.mid,jigs_simple_chords_179.mid
135,jigs18.mid,jigs_simple_chords_18.mid
136,jigs180.mid,jigs_simple_chords_180.mid
137,jigs181.mid,jigs_simple_chords_181.mid
138,jigs182.mid,jigs_simple_chords_182.mid
139,jigs183.mid,jigs_simple_chords_183.mid
140,jigs184.mid,jigs_simple_chords_184.mid
141,jigs185.mid,jigs_simple_chords_185.mid
142,jigs186.mid,jigs_simple_chords_186.mid
143,jigs187.mid,jigs_simple_chords_187.mid
144,jigs188.mid,jigs_simple_chords_188.mid
145,jigs189.mid,jigs_simple_chords_189.mid
146,jigs19.mid,jigs_simple_chords_19.mid
147,jigs190.mid,jigs_simple_chords_190.mid
148,jigs191.mid,jigs_simple_chords_191.mid
149,jigs192.mid,jigs_simple_chords_192.mid
150,jigs193.mid,jigs_simple_chords_193.mid
151,jigs194.mid,jigs_simple_chords_194.mid
152,jigs195.mid,jigs_simple_chords_195.mid
153,jigs196.mid,jigs_simple_chords_196.mid
154,jigs197.mid,jigs_simple_chords_197.mid
155,jigs198.mid,jigs_simple_chords_198.mid
156,jigs199.mid,jigs_simple_chords_199.mid
157,jigs2.mid,jigs_simple_chords_2.mid
158,jigs20.mid,jigs_simple_chords_20.mid
159,jigs200.mid,jigs_simple_chords_200.mid
160,jigs201.mid,jigs_simple_chords_201.mid
161,jigs202.mid,jigs_simple_chords_202.mid
162,jigs203.mid,jigs_simple_chords_203.mid
163,jigs204.mid,jigs_simple_chords_204.mid
164,jigs205.mid,jigs_simple_chords_205.mid
165,jigs206.mid,jigs_simple_chords_206.mid
166,jigs207.mid,jigs_simple_chords_207.mid
167,jigs208.mid,jigs_simple_chords_208.mid
168,jigs209.mid,jigs_simple_chords_209.mid
169,jigs21.mid,jigs_simple_chords_21.mid
170,jigs210.mid,jigs_simple_chords_210.mid
171,jigs211.mid,jigs_simple_chords_211.mid
172,jigs212.mid,jigs_simple_chords_212.mid
173,jigs213.mid,jigs_simple_chords_213.mid
174,jigs214.mid,jigs_simple_chords_214.mid
175,jigs215.mid,jigs_simple_chords_215.mid
176,jigs216.mid,jigs_simple_chords_216.mid
177,jigs217.mid,jigs_simple_chords_217.mid
178,jigs218.mid,jigs_simple_chords_218.mid
179,jigs219.mid,jigs_simple_chords_219.mid
180,jigs22.mid,jigs_simple_chords_22.mid
181,jigs220.mid,jigs_simple_chords_220.mid
182,jigs221.mid,jigs_simple_chords_221.mid
183,jigs222.mid,jigs_simple_chords_222.mid
184,jigs223.mid,jigs_simple_chords_223.mid
185,jigs224.mid,jigs_simple_chords_224.mid
186,jigs225.mid,jigs_simple_chords_225.mid
187,jigs226.mid,jigs_simple_chords_226.mid
188,jigs227.mid,jigs_simple_chords_227.mid
189,jigs228.mid,jigs_simple_chords_228.mid
190,jigs229.mid,jigs_simple_chords_229.mid
191,jigs23.mid,jigs_simple_chords_23.mid
192,jigs230.mid,jigs_simple_chords_230.mid
193,jigs231.mid,jigs_simple_chords_231.mid
194,jigs232.mid,jigs_simple_chords_232.mid
195,jigs233.mid,jigs_simple_chords_233.mid
196,jigs234.mid,jigs_simple_chords_234.mid
197,jigs235.mid,jigs_simple_chords_235.mid
198,jigs236.mid,jigs_simple_chords_236.mid
199,jigs237.mid,jigs_simple_chords_237.mid
200,jigs238.mid,jigs_simple_chords_238.mid
201,jigs239.mid,jigs_simple_chords_239.mid
202,jigs24.mid,jigs_simple_chords_24.mid
203,jigs240.mid,jigs_simple_chords_240.mid
204,jigs241.mid,jigs_simple_chords_241.mid
205,jigs242.mid,jigs_simple_chords_242.mid
206,jigs243.mid,jigs_simple_chords_243.mid
207,jigs244.mid,jigs_simple_chords_244.mid
208,jigs245.mid,jigs_simple_chords_245.mid
209,jigs246.mid,jigs_simple_chords_246.mid
210,jigs247.mid,jigs_simple_chords_247.mid
211,jigs248.mid,jigs_simple_chords_248.mid
212,jigs249.mid,jigs_simple_chords_249.mid
213,jigs25.mid,jigs_simple_chords_25.mid
214,jigs250.mid,jigs_simple_chords_250.mid
215,jigs251.mid,jigs_simple_chords_251.mid
216,jigs252.mid,jigs_simple_chords_252.mid
217,jigs253.mid,jigs_simple_chords_253.mid
218,jigs254.mid,jigs_simple_chords_254.mid
219,jigs255.mid,jigs_simple_chords_255.mid
220,jigs256.mid,jigs_simple_chords_256.mid
221,jigs257.mid,jigs_simple_chords_257.mid
222,jigs258.mid,jigs_simple_chords_258.mid
223,jigs259.mid,jigs_simple_chords_259.mid
224,jigs26.mid,jigs_simple_chords_26.mid
225,jigs260.mid,jigs_simple_chords_260.mid
226,jigs261.mid,jigs_simple_chords_261.mid
227,jigs262.mid,jigs_simple_chords_262.mid
228,jigs263.mid,jigs_simple_chords_263.mid
229,jigs264.mid,jigs_simple_chords_264.mid
230,jigs265.mid,jigs_simple_chords_265.mid
231,jigs266.mid,jigs_simple_chords_266.mid
232,jigs267.mid,jigs_simple_chords_267.mid
233,jigs268.mid,jigs_simple_chords_268.mid
234,jigs269.mid,jigs_simple_chords_269.mid
235,jigs27.mid,jigs_simple_chords_27.mid
236,jigs270.mid,jigs_simple_chords_270.mid
237,jigs271.mid,jigs_simple_chords_271.mid
238,jigs272.mid,jigs_simple_chords_272.mid
239,jigs273.mid,jigs_simple_chords_273.mid
240,jigs274.mid,jigs_simple_chords_274.mid
241,jigs275.mid,jigs_simple_chords_275.mid
242,jigs276.mid,jigs_simple_chords_276.mid
243,jigs277.mid,jigs_simple_chords_277.mid
244,jigs278.mid,jigs_simple_chords_278.mid
245,jigs279.mid,jigs_simple_chords_279.mid
246,jigs28.mid,jigs_simple_chords_28.mid
247,jigs280.mid,jigs_simple_chords_280.mid
248,jigs281.mid,jigs_simple_chords_281.mid
249,jigs282.mid,jigs_simple_chords_282.mid
250,jigs283.mid,jigs_simple_chords_283.mid
251,jigs284.mid,jigs_simple_chords_284.mid
252,jigs285.mid,jigs_simple_chords_285.mid
253,jigs286.mid,jigs_simple_chords_286.mid
254,jigs287.mid,jigs_simple_chords_287.mid
255,jigs288.mid,jigs_simple_chords_288.mid
256,jigs289.mid,jigs_simple_chords_289.mid
257,jigs29.mid,jigs_simple_chords_29.mid
258,jigs290.mid,jigs_simple_chords_290.mid
259,jigs291.mid,jigs_simple_chords_291.mid
260,jigs292.mid,jigs_simple_chords_292.mid
261,jigs293.mid,jigs_simple_chords_293.mid
262,jigs294.mid,jigs_simple_chords_294.mid
263,jigs295.mid,jigs_simple_chords_295.mid
264,jigs296.mid,jigs_simple_chords_296.mid
265,jigs297.mid,jigs_simple_chords_297.mid
266,jigs298.mid,jigs_simple_chords_298.mid
267,jigs299.mid,jigs_simple_chords_299.mid
268,jigs3.mid,jigs_simple_chords_3.mid
269,jigs30.mid,jigs_simple_chords_30.mid
270,jigs300.mid,jigs_simple_chords_300.mid
271,jigs301.mid,jigs_simple_chords_301.mid
272,jigs302.mid,jigs_simple_chords_302.mid
273,jigs303.mid,jigs_simple_chords_303.mid
274,jigs304.mid,jigs_simple_chords_304.mid
275,jigs305.mid,jigs_simple_chords_305.mid
276,jigs306.mid,jigs_simple_chords_306.mid
277,jigs307.mid,jigs_simple_chords_307.mid
278,jigs308.mid,jigs_simple_chords_308.mid
279,jigs309.mid,jigs_simple_chords_309.mid
280,jigs31.mid,jigs_simple_chords_31.mid
281,jigs310.mid,jigs_simple_chords_310.mid
282,jigs311.mid,jigs_simple_chords_311.mid
283,jigs312.mid,jigs_simple_chords_312.mid
284,jigs313.mid,jigs_simple_chords_313.mid
285,jigs314.mid,jigs_simple_chords_314.mid
286,jigs315.mid,jigs_simple_chords_315.mid
287,jigs316.mid,jigs_simple_chords_316.mid
288,jigs317.mid,jigs_simple_chords_317.mid
289,jigs318.mid,jigs_simple_chords_318.mid
290,jigs319.mid,jigs_simple_chords_319.mid
291,jigs32.mid,jigs_simple_chords_32.mid
292,jigs320.mid,jigs_simple_chords_320.mid
293,jigs321.mid,jigs_simple_chords_321.mid
294,jigs322.mid,jigs_simple_chords_322.mid
295,jigs323.mid,jigs_simple_chords_323.mid
296,jigs324.mid,jigs_simple_chords_324.mid
297,jigs325.mid,jigs_simple_chords_325.mid
298,jigs326.mid,jigs_simple_chords_326.mid
299,jigs327.mid,jigs_simple_chords_327.mid
300,jigs328.mid,jigs_simple_chords_328.mid
301,jigs329.mid,jigs_simple_chords_329.mid
302,jigs33.mid,jigs_simple_chords_33.mid
303,jigs330.mid,jigs_simple_chords_330.mid
304,jigs331.mid,jigs_simple_chords_331.mid
305,jigs332.mid,jigs_simple_chords_332.mid
306,jigs333.mid,jigs_simple_chords_333.mid
307,jigs334.mid,jigs_simple_chords_334.mid
308,jigs335.mid,jigs_simple_chords_335.mid
309,jigs336.mid,jigs_simple_chords_336.mid
310,jigs337.mid,jigs_simple_chords_337.mid
311,jigs338.mid,jigs_simple_chords_338.mid
312,jigs339.mid,jigs_simple_chords_339.mid
313,jigs34.mid,jigs_simple_chords_34.mid
314,jigs340.mid,jigs_simple_chords_340.mid
315,jigs35.mid,jigs_simple_chords_35.mid
316,jigs36.mid,jigs_simple_chords_36.mid
317,jigs37.mid,jigs_simple_chords_37.mid
318,jigs38.mid,jigs_simple_chords_38.mid
319,jigs39.mid,jigs_simple_chords_39.mid
320,jigs4.mid,jigs_simple_chords_4.mid
321,jigs40.mid,jigs_simple_chords_40.mid
322,jigs41.mid,jigs_simple_chords_41.mid
323,jigs42.mid,jigs_simple_chords_42.mid
324,jigs43.mid,jigs_simple_chords_43.mid
325,jigs44.mid,jigs_simple_chords_44.mid
326,jigs45.mid,jigs_simple_chords_45.mid
327,jigs46.mid,jigs_simple_chords_46.mid
328,jigs47.mid,jigs_simple_chords_47.mid
329,jigs48.mid,jigs_simple_chords_48.mid
330,jigs49.mid,jigs_simple_chords_49.mid
331,jigs5.mid,jigs_simple_chords_5.mid
332,jigs50.mid,jigs_simple_chords_50.mid
333,jigs51.mid,jigs_simple_chords_51.mid
334,jigs52.mid,jigs_simple_chords_52.mid
335,jigs53.mid,jigs_simple_chords_53.mid
336,jigs54.mid,jigs_simple_chords_54.mid
337,jigs55.mid,jigs_simple_chords_55.mid
338,jigs56.mid,jigs_simple_chords_56.mid
339,jigs57.mid,jigs_simple_chords_57.mid
340,jigs58.mid,jigs_simple_chords_58.mid
341,jigs59.mid,jigs_simple_chords_59.mid
342,jigs6.mid,jigs_simple_chords_6.mid
343,jigs60.mid,jigs_simple_chords_60.mid
344,jigs61.mid,jigs_simple_chords_61.mid
345,jigs62.mid,jigs_simple_chords_62.mid
346,jigs63.mid,jigs_simple_chords_63.mid
347,jigs64.mid,jigs_simple_chords_64.mid
348,jigs65.mid,jigs_simple_chords_65.mid
349,jigs66.mid,jigs_simple_chords_66.mid
350,jigs67.mid,jigs_simple_chords_67.mid
351,jigs68.mid,jigs_simple_chords_68.mid
352,jigs69.mid,jigs_simple_chords_69.mid
353,jigs7.mid,jigs_simple_chords_7.mid
354,jigs70.mid,jigs_simple_chords_70.mid
355,jigs71.mid,jigs_simple_chords_71.mid
356,jigs72.mid,jigs_simple_chords_72.mid
357,jigs73.mid,jigs_simple_chords_73.mid
358,jigs74.mid,jigs_simple_chords_74.mid
359,jigs75.mid,jigs_simple_chords_75.mid
360,jigs76.mid,jigs_simple_chords_76.mid
361,jigs77.mid,jigs_simple_chords_77.mid
362,jigs78.mid,jigs_simple_chords_78.mid
363,jigs79.mid,jigs_simple_chords_79.mid
364,jigs8.mid,jigs_simple_chords_8.mid
365,jigs80.mid,jigs_simple_chords_80.mid
366,jigs81.mid,jigs_simple_chords_81.mid
367,jigs82.mid,jigs_simple_chords_82.mid
368,jigs83.mid,jigs_simple_chords_83.mid
369,jigs84.mid,jigs_simple_chords_84.mid
370,jigs85.mid,jigs_simple_chords_85.mid
371,jigs86.mid,jigs_simple_chords_86.mid
372,jigs87.mid,jigs_simple_chords_87.mid
373,jigs88.mid,jigs_simple_chords_88.mid
374,jigs89.mid,jigs_simple_chords_89.mid
375,jigs9.mid,jigs_simple_chords_9.mid
376,jigs90.mid,jigs_simple_chords_90.mid
377,jigs91.mid,jigs_simple_chords_91.mid
378,jigs92.mid,jigs_simple_chords_92.mid
379,jigs93.mid,jigs_simple_chords_93.mid
380,jigs94.mid,jigs_simple_chords_94.mid
381,jigs95.mid,jigs_simple_chords_95.mid
382,jigs96.mid,jigs_simple_chords_96.mid
383,jigs97.mid,jigs_simple_chords_97.mid
384,jigs98.mid,jigs_simple_chords_98.mid
385,jigs99.mid,jigs_simple_chords_99.mid
386,xmas1.mid,xmas_simple_chords_1.mid
387,xmas10.mid,xmas_simple_chords_10.mid
388,xmas11.mid,xmas_simple_chords_11.mid
389,xmas12.mid,xmas_simple_chords_12.mid
390,xmas13.mid,xmas_simple_chords_13.mid
391,xmas2.mid,xmas_simple_chords_2.mid
392,xmas3.mid,xmas_simple_chords_3.mid
393,xmas4.mid,xmas_simple_chords_4.mid
394,xmas5.mid,xmas_simple_chords_5.mid
395,xmas6.mid,xmas_simple_chords_6.mid
396,xmas7.mid,xmas_simple_chords_7.mid
397,xmas8.mid,xmas_simple_chords_8.mid
398,xmas9.mid,xmas_simple_chords_9.mid
399,slip1.mid,slip_simple_chords_1.mid
400,slip10.mid,slip_simple_chords_10.mid
401,slip11.mid,slip_simple_chords_11.mid
402,slip2.mid,slip_simple_chords_2.mid
403,slip3.mid,slip_simple_chords_3.mid
404,slip4.mid,slip_simple_chords_4.mid
405,slip5.mid,slip_simple_chords_5.mid
406,slip6.mid,slip_simple_chords_6.mid
407,slip7.mid,slip_simple_chords_7.mid
408,slip8.mid,slip_simple_chords_8.mid
409,slip9.mid,slip_simple_chords_9.mid
410,ashover1.mid,ashover_simple_chords_1.mid
411,ashover10.mid,ashover_simple_chords_10.mid
412,ashover11.mid,ashover_simple_chords_11.mid
413,ashover12.mid,ashover_simple_chords_12.mid
414,ashover13.mid,ashover_simple_chords_13.mid
415,ashover14.mid,ashover_simple_chords_14.mid
416,ashover15.mid,ashover_simple_chords_15.mid
417,ashover16.mid,ashover_simple_chords_16.mid
418,ashover17.mid,ashover_simple_chords_17.mid
419,ashover18.mid,ashover_simple_chords_18.mid
420,ashover19.mid,ashover_simple_chords_19.mid
421,ashover2.mid,ashover_simple_chords_2.mid
422,ashover20.mid,ashover_simple_chords_20.mid
423,ashover21.mid,ashover_simple_chords_21.mid
424,ashover22.mid,ashover_simple_chords_22.mid
425,ashover23.mid,ashover_simple_chords_23.mid
426,ashover24.mid,ashover_simple_chords_24.mid
427,ashover25.mid,ashover_simple_chords_25.mid
428,ashover26.mid,ashover_simple_chords_26.mid
429,ashover27.mid,ashover_simple_chords_27.mid
430,ashover28.mid,ashover_simple_chords_28.mid
431,ashover29.mid,ashover_simple_chords_29.mid
432,ashover3.mid,ashover_simple_chords_3.mid
433,ashover30.mid,ashover_simple_chords_30.mid
434,ashover31.mid,ashover_simple_chords_31.mid
435,ashover32.mid,ashover_simple_chords_32.mid
436,ashover33.mid,ashover_simple_chords_33.mid
437,ashover34.mid,ashover_simple_chords_34.mid
438,ashover35.mid,ashover_simple_chords_35.mid
439,ashover36.mid,ashover_simple_chords_36.mid
440,ashover37.mid,ashover_simple_chords_37.mid
441,ashover38.mid,ashover_simple_chords_38.mid
442,ashover39.mid,ashover_simple_chords_39.mid
443,ashover4.mid,ashover_simple_chords_4.mid
444,ashover40.mid,ashover_simple_chords_40.mid
445,ashover41.mid,ashover_simple_chords_41.mid
446,ashover42.mid,ashover_simple_chords_42.mid
447,ashover43.mid,ashover_simple_chords_43.mid
448,ashover44.mid,ashover_simple_chords_44.mid
449,ashover45.mid,ashover_simple_chords_45.mid
450,ashover46.mid,ashover_simple_chords_46.mid
451,ashover5.mid,ashover_simple_chords_5.mid
452,ashover6.mid,ashover_simple_chords_6.mid
453,ashover7.mid,ashover_simple_chords_7.mid
454,ashover8.mid,ashover_simple_chords_8.mid
455,ashover9.mid,ashover_simple_chords_9.mid
456,waltzes1.mid,waltzes_simple_chords_1.mid
457,waltzes10.mid,waltzes_simple_chords_10.mid
458,waltzes11.mid,waltzes_simple_chords_11.mid
459,waltzes12.mid,waltzes_simple_chords_12.mid
460,waltzes13.mid,waltzes_simple_chords_13.mid
461,waltzes14.mid,waltzes_simple_chords_14.mid
462,waltzes15.mid,waltzes_simple_chords_15.mid
463,waltzes16.mid,waltzes_simple_chords_16.mid
464,waltzes17.mid,waltzes_simple_chords_17.mid
465,waltzes18.mid,waltzes_simple_chords_18.mid
466,waltzes19.mid,waltzes_simple_chords_19.mid
467,waltzes2.mid,waltzes_simple_chords_2.mid
468,waltzes20.mid,waltzes_simple_chords_20.mid
469,waltzes21.mid,waltzes_simple_chords_21.mid
470,waltzes22.mid,waltzes_simple_chords_22.mid
471,waltzes23.mid,waltzes_simple_chords_23.mid
472,waltzes24.mid,waltzes_simple_chords_24.mid
473,waltzes25.mid,waltzes_simple_chords_25.mid
474,waltzes26.mid,waltzes_simple_chords_26.mid
475,waltzes27.mid,waltzes_simple_chords_27.mid
476,waltzes28.mid,waltzes_simple_chords_28.mid
477,waltzes29.mid,waltzes_simple_chords_29.mid
478,waltzes3.mid,waltzes_simple_chords_3.mid
479,waltzes30.mid,waltzes_simple_chords_30.mid
480,waltzes31.mid,waltzes_simple_chords_31.mid
481,waltzes32.mid,waltzes_simple_chords_32.mid
482,waltzes33.mid,waltzes_simple_chords_33.mid
483,waltzes34.mid,waltzes_simple_chords_34.mid
484,waltzes35.mid,waltzes_simple_chords_35.mid
485,waltzes36.mid,waltzes_simple_chords_36.mid
486,waltzes37.mid,waltzes_simple_chords_37.mid
487,waltzes38.mid,waltzes_simple_chords_38.mid
488,waltzes39.mid,waltzes_simple_chords_39.mid
489,waltzes4.mid,waltzes_simple_chords_4.mid
490,waltzes40.mid,waltzes_simple_chords_40.mid
491,waltzes41.mid,waltzes_simple_chords_41.mid
492,waltzes42.mid,waltzes_simple_chords_42.mid
493,waltzes43.mid,waltzes_simple_chords_43.mid
494,waltzes44.mid,waltzes_simple_chords_44.mid
495,waltzes45.mid,waltzes_simple_chords_45.mid
496,waltzes46.mid,waltzes_simple_chords_46.mid
497,waltzes47.mid,waltzes_simple_chords_47.mid
498,waltzes48.mid,waltzes_simple_chords_48.mid
499,waltzes49.mid,waltzes_simple_chords_49.mid
500,waltzes5.mid,waltzes_simple_chords_5.mid
501,waltzes50.mid,waltzes_simple_chords_50.mid
502,waltzes51.mid,waltzes_simple_chords_51.mid
503,waltzes52.mid,waltzes_simple_chords_52.mid
504,waltzes6.mid,waltzes_simple_chords_6.mid
505,waltzes7.mid,waltzes_simple_chords_7.mid
506,waltzes8.mid,waltzes_simple_chords_8.mid
507,waltzes9.mid,waltzes_simple_chords_9.mid
508,hpps1.mid,hpps_simple_chords_1.mid
509,hpps10.mid,hpps_simple_chords_10.mid
510,hpps11.mid,hpps_simple_chords_11.mid
511,hpps12.mid,hpps_simple_chords_12.mid
512,hpps13.mid,hpps_simple_chords_13.mid
513,hpps14.mid,hpps_simple_chords_14.mid
514,hpps15.mid,hpps_simple_chords_15.mid
515,hpps16.mid,hpps_simple_chords_16.mid
516,hpps17.mid,hpps_simple_chords_17.mid
517,hpps18.mid,hpps_simple_chords_18.mid
518,hpps19.mid,hpps_simple_chords_19.mid
519,hpps2.mid,hpps_simple_chords_2.mid
520,hpps20.mid,hpps_simple_chords_20.mid
521,hpps21.mid,hpps_simple_chords_21.mid
522,hpps22.mid,hpps_simple_chords_22.mid
523,hpps23.mid,hpps_simple_chords_23.mid
524,hpps24.mid,hpps_simple_chords_24.mid
525,hpps25.mid,hpps_simple_chords_25.mid
526,hpps26.mid,hpps_simple_chords_26.mid
527,hpps27.mid,hpps_simple_chords_27.mid
528,hpps28.mid,hpps_simple_chords_28.mid
529,hpps29.mid,hpps_simple_chords_29.mid
530,hpps3.mid,hpps_simple_chords_3.mid
531,hpps30.mid,hpps_simple_chords_30.mid
532,hpps31.mid,hpps_simple_chords_31.mid
533,hpps32.mid,hpps_simple_chords_32.mid
534,hpps33.mid,hpps_simple_chords_33.mid
535,hpps34.mid,hpps_simple_chords_34.mid
536,hpps35.mid,hpps_simple_chords_35.mid
537,hpps36.mid,hpps_simple_chords_36.mid
538,hpps37.mid,hpps_simple_chords_37.mid
539,hpps38.mid,hpps_simple_chords_38.mid
540,hpps39.mid,hpps_simple_chords_39.mid
541,hpps4.mid,hpps_simple_chords_4.mid
542,hpps40.mid,hpps_simple_chords_40.mid
543,hpps41.mid,hpps_simple_chords_41.mid
544,hpps42.mid,hpps_simple_chords_42.mid
545,hpps43.mid,hpps_simple_chords_43.mid
546,hpps44.mid,hpps_simple_chords_44.mid
547,hpps45.mid,hpps_simple_chords_45.mid
548,hpps46.mid,hpps_simple_chords_46.mid
549,hpps47.mid,hpps_simple_chords_47.mid
550,hpps48.mid,hpps_simple_chords_48.mid
551,hpps49.mid,hpps_simple_chords_49.mid
552,hpps5.mid,hpps_simple_chords_5.mid
553,hpps50.mid,hpps_simple_chords_50.mid
554,hpps51.mid,hpps_simple_chords_51.mid
555,hpps52.mid,hpps_simple_chords_52.mid
556,hpps53.mid,hpps_simple_chords_53.mid
557,hpps54.mid,hpps_simple_chords_54.mid
558,hpps55.mid,hpps_simple_chords_55.mid
559,hpps56.mid,hpps_simple_chords_56.mid
560,hpps57.mid,hpps_simple_chords_57.mid
561,hpps58.mid,hpps_simple_chords_58.mid
562,hpps59.mid,hpps_simple_chords_59.mid
563,hpps6.mid,hpps_simple_chords_6.mid
564,hpps60.mid,hpps_simple_chords_60.mid
565,hpps61.mid,hpps_simple_chords_61.mid
566,hpps62.mid,hpps_simple_chords_62.mid
567,hpps63.mid,hpps_simple_chords_63.mid
568,hpps64.mid,hpps_simple_chords_64.mid
569,hpps65.mid,hpps_simple_chords_65.mid
570,hpps7.mid,hpps_simple_chords_7.mid
571,hpps8.mid,hpps_simple_chords_8.mid
572,hpps9.mid,hpps_simple_chords_9.mid
