,fn_db,fn_query
0,reels_simple_chords_1.mid,reelsd-g1.mid
1,reels_simple_chords_2.mid,reelsd-g2.mid
2,reels_simple_chords_3.mid,reelsd-g3.mid
3,reels_simple_chords_4.mid,reelsd-g4.mid
4,reels_simple_chords_5.mid,reelsd-g5.mid
5,reels_simple_chords_6.mid,reelsd-g6.mid
6,reels_simple_chords_7.mid,reelsd-g7.mid
7,reels_simple_chords_8.mid,reelsd-g8.mid
8,reels_simple_chords_9.mid,reelsd-g9.mid
9,reels_simple_chords_10.mid,reelsd-g10.mid
10,reels_simple_chords_11.mid,reelsd-g11.mid
11,reels_simple_chords_12.mid,reelsd-g12.mid
12,reels_simple_chords_13.mid,reelsd-g13.mid
13,reels_simple_chords_14.mid,reelsd-g14.mid
14,reels_simple_chords_15.mid,reelsd-g15.mid
15,reels_simple_chords_16.mid,reelsd-g16.mid
16,reels_simple_chords_17.mid,reelsd-g17.mid
17,reels_simple_chords_18.mid,reelsd-g18.mid
18,reels_simple_chords_19.mid,reelsd-g19.mid
19,reels_simple_chords_20.mid,reelsd-g20.mid
20,reels_simple_chords_21.mid,reelsd-g21.mid
21,reels_simple_chords_22.mid,reelsd-g22.mid
22,reels_simple_chords_23.mid,reelsd-g23.mid
23,reels_simple_chords_24.mid,reelsd-g24.mid
24,reels_simple_chords_25.mid,reelsd-g25.mid
25,reels_simple_chords_26.mid,reelsd-g26.mid
26,reels_simple_chords_27.mid,reelsd-g27.mid
27,reels_simple_chords_28.mid,reelsd-g28.mid
28,reels_simple_chords_29.mid,reelsd-g29.mid
29,reels_simple_chords_30.mid,reelsd-g30.mid
30,reels_simple_chords_31.mid,reelsd-g31.mid
31,reels_simple_chords_32.mid,reelsd-g32.mid
32,reels_simple_chords_33.mid,reelsd-g33.mid
33,reels_simple_chords_34.mid,reelsd-g34.mid
34,reels_simple_chords_35.mid,reelsd-g35.mid
35,reels_simple_chords_36.mid,reelsd-g36.mid
36,reels_simple_chords_37.mid,reelsd-g37.mid
37,reels_simple_chords_38.mid,reelsd-g38.mid
38,reels_simple_chords_39.mid,reelsd-g39.mid
39,reels_simple_chords_40.mid,reelsd-g40.mid
40,reels_simple_chords_41.mid,reelsd-g41.mid
41,reels_simple_chords_42.mid,reelsd-g42.mid
42,reels_simple_chords_43.mid,reelsd-g43.mid
43,reels_simple_chords_44.mid,reelsd-g44.mid
44,reels_simple_chords_45.mid,reelsd-g45.mid
45,reels_simple_chords_46.mid,reelsd-g46.mid
46,reels_simple_chords_47.mid,reelsd-g47.mid
47,reels_simple_chords_48.mid,reelsd-g48.mid
48,reels_simple_chords_49.mid,reelsd-g49.mid
49,reels_simple_chords_50.mid,reelsd-g50.mid
50,reels_simple_chords_51.mid,reelsd-g51.mid
51,reels_simple_chords_52.mid,reelsd-g52.mid
52,reels_simple_chords_53.mid,reelsd-g53.mid
53,reels_simple_chords_54.mid,reelsd-g54.mid
54,reels_simple_chords_55.mid,reelsd-g55.mid
55,reels_simple_chords_56.mid,reelsd-g56.mid
56,reels_simple_chords_57.mid,reelsd-g57.mid
57,reels_simple_chords_58.mid,reelsd-g58.mid
58,reels_simple_chords_59.mid,reelsd-g59.mid
59,reels_simple_chords_60.mid,reelsd-g60.mid
60,reels_simple_chords_61.mid,reelsd-g61.mid
61,reels_simple_chords_62.mid,reelsd-g62.mid
62,reels_simple_chords_63.mid,reelsd-g63.mid
63,reels_simple_chords_64.mid,reelsd-g64.mid
64,reels_simple_chords_65.mid,reelsd-g65.mid
65,reels_simple_chords_66.mid,reelsd-g66.mid
66,reels_simple_chords_67.mid,reelsd-g67.mid
67,reels_simple_chords_68.mid,reelsd-g68.mid
68,reels_simple_chords_69.mid,reelsd-g69.mid
69,reels_simple_chords_70.mid,reelsd-g70.mid
70,reels_simple_chords_71.mid,reelsd-g71.mid
71,reels_simple_chords_72.mid,reelsd-g72.mid
72,reels_simple_chords_73.mid,reelsd-g73.mid
73,reels_simple_chords_74.mid,reelsd-g74.mid
74,reels_simple_chords_75.mid,reelsd-g75.mid
75,reels_simple_chords_76.mid,reelsd-g76.mid
76,reels_simple_chords_77.mid,reelsd-g77.mid
77,reels_simple_chords_78.mid,reelsd-g78.mid
78,reels_simple_chords_79.mid,reelsd-g79.mid
79,reels_simple_chords_80.mid,reelsd-g80.mid
80,reels_simple_chords_81.mid,reelsd-g81.mid
81,reels_simple_chords_82.mid,reelsd-g82.mid
82,reels_simple_chords_83.mid,reelsd-g83.mid
83,reels_simple_chords_84.mid,reelsd-g84.mid
84,reels_simple_chords_85.mid,reelsa-c1.mid
85,reels_simple_chords_86.mid,reelsa-c2.mid
86,reels_simple_chords_87.mid,reelsa-c3.mid
87,reels_simple_chords_88.mid,reelsa-c4.mid
88,reels_simple_chords_89.mid,reelsa-c5.mid
89,reels_simple_chords_90.mid,reelsa-c6.mid
90,reels_simple_chords_91.mid,reelsa-c7.mid
91,reels_simple_chords_92.mid,reelsa-c8.mid
92,reels_simple_chords_93.mid,reelsa-c9.mid
93,reels_simple_chords_94.mid,reelsa-c10.mid
94,reels_simple_chords_95.mid,reelsa-c11.mid
95,reels_simple_chords_96.mid,reelsa-c12.mid
96,reels_simple_chords_97.mid,reelsa-c13.mid
97,reels_simple_chords_98.mid,reelsa-c14.mid
98,reels_simple_chords_99.mid,reelsa-c15.mid
99,reels_simple_chords_100.mid,reelsa-c16.mid
100,reels_simple_chords_101.mid,reelsa-c17.mid
101,reels_simple_chords_102.mid,reelsa-c18.mid
102,reels_simple_chords_103.mid,reelsa-c19.mid
103,reels_simple_chords_104.mid,reelsa-c20.mid
104,reels_simple_chords_105.mid,reelsa-c21.mid
105,reels_simple_chords_106.mid,reelsa-c22.mid
106,reels_simple_chords_107.mid,reelsa-c23.mid
107,reels_simple_chords_108.mid,reelsa-c24.mid
108,reels_simple_chords_109.mid,reelsa-c25.mid
109,reels_simple_chords_110.mid,reelsa-c26.mid
110,reels_simple_chords_111.mid,reelsa-c27.mid
111,reels_simple_chords_112.mid,reelsa-c28.mid
112,reels_simple_chords_113.mid,reelsa-c29.mid
113,reels_simple_chords_114.mid,reelsa-c30.mid
114,reels_simple_chords_115.mid,reelsa-c31.mid
115,reels_simple_chords_116.mid,reelsa-c32.mid
116,reels_simple_chords_117.mid,reelsa-c33.mid
117,reels_simple_chords_118.mid,reelsa-c34.mid
118,reels_simple_chords_119.mid,reelsa-c35.mid
119,reels_simple_chords_120.mid,reelsa-c36.mid
120,reels_simple_chords_121.mid,reelsa-c37.mid
121,reels_simple_chords_122.mid,reelsa-c38.mid
122,reels_simple_chords_123.mid,reelsa-c39.mid
123,reels_simple_chords_124.mid,reelsa-c40.mid
124,reels_simple_chords_125.mid,reelsa-c41.mid
125,reels_simple_chords_126.mid,reelsa-c42.mid
126,reels_simple_chords_127.mid,reelsa-c43.mid
127,reels_simple_chords_128.mid,reelsa-c44.mid
128,reels_simple_chords_129.mid,reelsa-c45.mid
129,reels_simple_chords_130.mid,reelsa-c46.mid
130,reels_simple_chords_131.mid,reelsa-c47.mid
131,reels_simple_chords_132.mid,reelsa-c48.mid
132,reels_simple_chords_133.mid,reelsa-c49.mid
133,reels_simple_chords_134.mid,reelsa-c50.mid
134,reels_simple_chords_135.mid,reelsa-c51.mid
135,reels_simple_chords_136.mid,reelsa-c52.mid
136,reels_simple_chords_137.mid,reelsa-c53.mid
137,reels_simple_chords_138.mid,reelsa-c54.mid
138,reels_simple_chords_139.mid,reelsa-c55.mid
139,reels_simple_chords_140.mid,reelsa-c56.mid
140,reels_simple_chords_141.mid,reelsa-c57.mid
141,reels_simple_chords_142.mid,reelsa-c58.mid
142,reels_simple_chords_143.mid,reelsa-c59.mid
143,reels_simple_chords_144.mid,reelsa-c60.mid
144,reels_simple_chords_145.mid,reelsa-c61.mid
145,reels_simple_chords_146.mid,reelsa-c62.mid
146,reels_simple_chords_147.mid,reelsa-c63.mid
147,reels_simple_chords_148.mid,reelsa-c64.mid
148,reels_simple_chords_149.mid,reelsa-c65.mid
149,reels_simple_chords_150.mid,reelsa-c66.mid
150,reels_simple_chords_151.mid,reelsa-c67.mid
151,reels_simple_chords_152.mid,reelsa-c68.mid
152,reels_simple_chords_153.mid,reelsa-c69.mid
153,reels_simple_chords_154.mid,reelsa-c70.mid
154,reels_simple_chords_155.mid,reelsa-c71.mid
155,reels_simple_chords_156.mid,reelsa-c72.mid
156,reels_simple_chords_157.mid,reelsa-c73.mid
157,reels_simple_chords_159.mid,reelsa-c74.mid
158,reels_simple_chords_159.mid,reelsa-c75.mid
159,reels_simple_chords_160.mid,reelsa-c76.mid
160,reels_simple_chords_161.mid,reelsa-c77.mid
161,reels_simple_chords_162.mid,reelsa-c78.mid
162,reels_simple_chords_163.mid,reelsa-c79.mid
163,reels_simple_chords_164.mid,reelsa-c80.mid
164,reels_simple_chords_165.mid,reelsa-c81.mid
165,reels_simple_chords_166.mid,reelsr-t1.mid
166,reels_simple_chords_167.mid,reelsr-t2.mid
167,reels_simple_chords_168.mid,reelsr-t3.mid
168,reels_simple_chords_169.mid,reelsr-t4.mid
169,reels_simple_chords_170.mid,reelsr-t5.mid
170,reels_simple_chords_171.mid,reelsr-t6.mid
171,reels_simple_chords_172.mid,reelsr-t7.mid
172,reels_simple_chords_173.mid,reelsr-t8.mid
173,reels_simple_chords_174.mid,reelsr-t9.mid
174,reels_simple_chords_175.mid,reelsr-t10.mid
175,reels_simple_chords_176.mid,reelsr-t11.mid
176,reels_simple_chords_177.mid,reelsr-t12.mid
177,reels_simple_chords_178.mid,reelsr-t13.mid
178,reels_simple_chords_179.mid,reelsr-t14.mid
179,reels_simple_chords_180.mid,reelsr-t15.mid
180,reels_simple_chords_181.mid,reelsr-t16.mid
181,reels_simple_chords_182.mid,reelsr-t17.mid
182,reels_simple_chords_183.mid,reelsr-t18.mid
183,reels_simple_chords_184.mid,reelsr-t19.mid
184,reels_simple_chords_185.mid,reelsr-t20.mid
185,reels_simple_chords_186.mid,reelsr-t21.mid
186,reels_simple_chords_187.mid,reelsr-t22.mid
187,reels_simple_chords_188.mid,reelsr-t23.mid
188,reels_simple_chords_189.mid,reelsr-t24.mid
189,reels_simple_chords_190.mid,reelsr-t25.mid
190,reels_simple_chords_191.mid,reelsr-t26.mid
191,reels_simple_chords_192.mid,reelsr-t27.mid
192,reels_simple_chords_193.mid,reelsr-t28.mid
193,reels_simple_chords_194.mid,reelsr-t29.mid
194,reels_simple_chords_195.mid,reelsr-t30.mid
195,reels_simple_chords_196.mid,reelsr-t31.mid
196,reels_simple_chords_197.mid,reelsr-t32.mid
197,reels_simple_chords_198.mid,reelsr-t33.mid
198,reels_simple_chords_199.mid,reelsr-t34.mid
199,reels_simple_chords_200.mid,reelsr-t35.mid
200,reels_simple_chords_201.mid,reelsr-t36.mid
201,reels_simple_chords_202.mid,reelsr-t37.mid
202,reels_simple_chords_203.mid,reelsr-t38.mid
203,reels_simple_chords_204.mid,reelsr-t39.mid
204,reels_simple_chords_205.mid,reelsr-t40.mid
205,reels_simple_chords_206.mid,reelsr-t41.mid
206,reels_simple_chords_207.mid,reelsr-t42.mid
207,reels_simple_chords_208.mid,reelsr-t43.mid
208,reels_simple_chords_209.mid,reelsr-t44.mid
209,reels_simple_chords_210.mid,reelsr-t45.mid
210,reels_simple_chords_211.mid,reelsr-t46.mid
211,reels_simple_chords_212.mid,reelsr-t47.mid
212,reels_simple_chords_213.mid,reelsr-t48.mid
213,reels_simple_chords_214.mid,reelsr-t49.mid
214,reels_simple_chords_215.mid,reelsr-t50.mid
215,reels_simple_chords_216.mid,reelsr-t51.mid
216,reels_simple_chords_217.mid,reelsr-t52.mid
217,reels_simple_chords_218.mid,reelsr-t53.mid
218,reels_simple_chords_219.mid,reelsr-t54.mid
219,reels_simple_chords_220.mid,reelsr-t55.mid
220,reels_simple_chords_221.mid,reelsr-t56.mid
221,reels_simple_chords_222.mid,reelsr-t57.mid
222,reels_simple_chords_223.mid,reelsr-t58.mid
223,reels_simple_chords_224.mid,reelsr-t59.mid
224,reels_simple_chords_225.mid,reelsr-t60.mid
225,reels_simple_chords_226.mid,reelsr-t61.mid
226,reels_simple_chords_227.mid,reelsr-t62.mid
227,reels_simple_chords_228.mid,reelsr-t63.mid
228,reels_simple_chords_229.mid,reelsr-t64.mid
229,reels_simple_chords_230.mid,reelsr-t65.mid
230,reels_simple_chords_231.mid,reelsr-t66.mid
231,reels_simple_chords_232.mid,reelsr-t67.mid
232,reels_simple_chords_233.mid,reelsr-t68.mid
233,reels_simple_chords_234.mid,reelsr-t69.mid
234,reels_simple_chords_234.mid,reelsr-t71.mid
235,reels_simple_chords_235.mid,reelsr-t70.mid
236,reels_simple_chords_237.mid,reelsr-t72.mid
237,reels_simple_chords_238.mid,reelsr-t73.mid
238,reels_simple_chords_239.mid,reelsr-t74.mid
239,reels_simple_chords_240.mid,reelsr-t75.mid
240,reels_simple_chords_241.mid,reelsr-t76.mid
241,reels_simple_chords_242.mid,reelsr-t77.mid
242,reels_simple_chords_243.mid,reelsr-t78.mid
243,reels_simple_chords_244.mid,reelsr-t79.mid
244,reels_simple_chords_245.mid,reelsr-t80.mid
245,reels_simple_chords_246.mid,reelsr-t81.mid
246,reels_simple_chords_247.mid,reelsr-t82.mid
247,reels_simple_chords_248.mid,reelsr-t83.mid
248,reels_simple_chords_249.mid,reelsr-t84.mid
249,reels_simple_chords_250.mid,reelsr-t85.mid
250,reels_simple_chords_251.mid,reelsr-t86.mid
251,reels_simple_chords_252.mid,reelsr-t87.mid
252,reels_simple_chords_253.mid,reelsr-t88.mid
253,reels_simple_chords_254.mid,reelsr-t89.mid
254,reels_simple_chords_255.mid,reelsr-t90.mid
255,reels_simple_chords_256.mid,reelsr-t91.mid
256,reels_simple_chords_257.mid,reelsr-t92.mid
257,reels_simple_chords_258.mid,reelsh-l1.mid
258,reels_simple_chords_259.mid,reelsh-l2.mid
259,reels_simple_chords_260.mid,reelsh-l3.mid
260,reels_simple_chords_261.mid,reelsh-l4.mid
261,reels_simple_chords_262.mid,reelsh-l5.mid
262,reels_simple_chords_263.mid,reelsh-l6.mid
263,reels_simple_chords_264.mid,reelsh-l7.mid
264,reels_simple_chords_265.mid,reelsh-l8.mid
265,reels_simple_chords_266.mid,reelsh-l9.mid
266,reels_simple_chords_267.mid,reelsh-l10.mid
267,reels_simple_chords_268.mid,reelsh-l11.mid
268,reels_simple_chords_269.mid,reelsh-l12.mid
269,reels_simple_chords_270.mid,reelsh-l13.mid
270,reels_simple_chords_271.mid,reelsh-l14.mid
271,reels_simple_chords_272.mid,reelsh-l15.mid
272,reels_simple_chords_273.mid,reelsh-l16.mid
273,reels_simple_chords_274.mid,reelsh-l17.mid
274,reels_simple_chords_275.mid,reelsh-l18.mid
275,reels_simple_chords_276.mid,reelsh-l19.mid
276,reels_simple_chords_277.mid,reelsh-l20.mid
277,reels_simple_chords_278.mid,reelsh-l21.mid
278,reels_simple_chords_279.mid,reelsh-l22.mid
279,reels_simple_chords_280.mid,reelsh-l23.mid
280,reels_simple_chords_281.mid,reelsh-l24.mid
281,reels_simple_chords_282.mid,reelsh-l25.mid
282,reels_simple_chords_283.mid,reelsh-l26.mid
283,reels_simple_chords_284.mid,reelsh-l27.mid
284,reels_simple_chords_285.mid,reelsh-l28.mid
285,reels_simple_chords_286.mid,reelsh-l29.mid
286,reels_simple_chords_287.mid,reelsh-l30.mid
287,reels_simple_chords_288.mid,reelsh-l31.mid
288,reels_simple_chords_289.mid,reelsh-l32.mid
289,reels_simple_chords_290.mid,reelsh-l33.mid
290,reels_simple_chords_291.mid,reelsh-l34.mid
291,reels_simple_chords_292.mid,reelsh-l35.mid
292,reels_simple_chords_293.mid,reelsh-l36.mid
293,reels_simple_chords_294.mid,reelsh-l37.mid
294,reels_simple_chords_295.mid,reelsh-l38.mid
295,reels_simple_chords_296.mid,reelsh-l39.mid
296,reels_simple_chords_297.mid,reelsh-l40.mid
297,reels_simple_chords_298.mid,reelsh-l41.mid
298,reels_simple_chords_299.mid,reelsh-l42.mid
299,reels_simple_chords_300.mid,reelsh-l43.mid
300,reels_simple_chords_301.mid,reelsh-l44.mid
301,reels_simple_chords_302.mid,reelsh-l45.mid
302,reels_simple_chords_303.mid,reelsh-l46.mid
303,reels_simple_chords_304.mid,reelsh-l47.mid
304,reels_simple_chords_308.mid,reelsh-l51.mid
305,reels_simple_chords_309.mid,reelsh-l52.mid
306,reels_simple_chords_310.mid,reelsh-l53.mid
307,reels_simple_chords_311.mid,reelsh-l54.mid
308,reels_simple_chords_312.mid,reelsh-l55.mid
309,reels_simple_chords_313.mid,reelsh-l56.mid
310,reels_simple_chords_314.mid,reelsh-l57.mid
311,reels_simple_chords_315.mid,reelsh-l58.mid
312,reels_simple_chords_316.mid,reelsh-l59.mid
313,reels_simple_chords_317.mid,reelsh-l60.mid
314,reels_simple_chords_318.mid,reelsh-l61.mid
315,reels_simple_chords_319.mid,reelsh-l62.mid
316,reels_simple_chords_320.mid,reelsh-l63.mid
317,reels_simple_chords_321.mid,reelsh-l64.mid
318,reels_simple_chords_322.mid,reelsh-l65.mid
319,reels_simple_chords_323.mid,reelsh-l66.mid
320,reels_simple_chords_324.mid,reelsh-l67.mid
321,reels_simple_chords_325.mid,reelsh-l68.mid
322,reels_simple_chords_326.mid,reelsh-l69.mid
323,reels_simple_chords_327.mid,reelsh-l70.mid
324,reels_simple_chords_328.mid,reelsh-l71.mid
325,reels_simple_chords_329.mid,reelsh-l72.mid
326,reels_simple_chords_330.mid,reelsh-l73.mid
327,reels_simple_chords_331.mid,reelsh-l74.mid
328,reels_simple_chords_332.mid,reelsh-l75.mid
329,reels_simple_chords_333.mid,reelsh-l76.mid
330,reels_simple_chords_334.mid,reelsh-l77.mid
331,reels_simple_chords_335.mid,reelsh-l78.mid
332,reels_simple_chords_336.mid,reelsh-l79.mid
333,reels_simple_chords_337.mid,reelsh-l80.mid
334,reels_simple_chords_338.mid,reelsh-l81.mid
335,reels_simple_chords_339.mid,reelsh-l82.mid
336,reels_simple_chords_340.mid,reelsh-l83.mid
337,reels_simple_chords_341.mid,reelsh-l84.mid
338,reels_simple_chords_342.mid,reelsh-l85.mid
339,reels_simple_chords_343.mid,reelsh-l86.mid
340,reels_simple_chords_344.mid,reelsh-l87.mid
341,reels_simple_chords_345.mid,reelsh-l88.mid
342,reels_simple_chords_346.mid,reelsh-l89.mid
343,reels_simple_chords_347.mid,reelsh-l90.mid
344,reels_simple_chords_348.mid,reelsh-l91.mid
345,reels_simple_chords_349.mid,reelsh-l92.mid
346,reels_simple_chords_350.mid,reelsh-l93.mid
347,reels_simple_chords_351.mid,reelsm-q1.mid
348,reels_simple_chords_352.mid,reelsm-q2.mid
349,reels_simple_chords_353.mid,reelsm-q3.mid
350,reels_simple_chords_354.mid,reelsm-q4.mid
351,reels_simple_chords_355.mid,reelsm-q5.mid
352,reels_simple_chords_356.mid,reelsm-q6.mid
353,reels_simple_chords_357.mid,reelsm-q7.mid
354,reels_simple_chords_358.mid,reelsm-q8.mid
355,reels_simple_chords_359.mid,reelsm-q9.mid
356,reels_simple_chords_360.mid,reelsm-q10.mid
357,reels_simple_chords_361.mid,reelsm-q11.mid
358,reels_simple_chords_362.mid,reelsm-q12.mid
359,reels_simple_chords_363.mid,reelsm-q13.mid
360,reels_simple_chords_364.mid,reelsm-q14.mid
361,reels_simple_chords_365.mid,reelsm-q15.mid
362,reels_simple_chords_366.mid,reelsm-q16.mid
363,reels_simple_chords_367.mid,reelsm-q17.mid
364,reels_simple_chords_368.mid,reelsm-q18.mid
365,reels_simple_chords_369.mid,reelsm-q19.mid
366,reels_simple_chords_370.mid,reelsm-q20.mid
367,reels_simple_chords_371.mid,reelsm-q21.mid
368,reels_simple_chords_372.mid,reelsm-q22.mid
369,reels_simple_chords_373.mid,reelsm-q23.mid
370,reels_simple_chords_374.mid,reelsm-q24.mid
371,reels_simple_chords_375.mid,reelsm-q25.mid
372,reels_simple_chords_376.mid,reelsm-q26.mid
373,reels_simple_chords_377.mid,reelsm-q27.mid
374,reels_simple_chords_378.mid,reelsm-q28.mid
375,reels_simple_chords_379.mid,reelsm-q29.mid
376,reels_simple_chords_380.mid,reelsm-q30.mid
377,reels_simple_chords_381.mid,reelsm-q31.mid
378,reels_simple_chords_382.mid,reelsm-q32.mid
379,reels_simple_chords_383.mid,reelsm-q33.mid
380,reels_simple_chords_384.mid,reelsm-q34.mid
381,reels_simple_chords_385.mid,reelsm-q35.mid
382,reels_simple_chords_386.mid,reelsm-q36.mid
383,reels_simple_chords_387.mid,reelsm-q37.mid
384,reels_simple_chords_388.mid,reelsm-q38.mid
385,reels_simple_chords_389.mid,reelsm-q39.mid
386,reels_simple_chords_390.mid,reelsm-q40.mid
387,reels_simple_chords_391.mid,reelsm-q41.mid
388,reels_simple_chords_392.mid,reelsm-q42.mid
389,reels_simple_chords_393.mid,reelsm-q43.mid
390,reels_simple_chords_394.mid,reelsm-q44.mid
391,reels_simple_chords_395.mid,reelsm-q45.mid
392,reels_simple_chords_396.mid,reelsm-q46.mid
393,reels_simple_chords_397.mid,reelsm-q47.mid
394,reels_simple_chords_398.mid,reelsm-q48.mid
395,reels_simple_chords_399.mid,reelsm-q49.mid
396,reels_simple_chords_400.mid,reelsm-q50.mid
397,reels_simple_chords_401.mid,reelsm-q51.mid
398,reels_simple_chords_402.mid,reelsm-q52.mid
399,reels_simple_chords_403.mid,reelsm-q53.mid
400,reels_simple_chords_404.mid,reelsm-q54.mid
401,reels_simple_chords_405.mid,reelsm-q55.mid
402,reels_simple_chords_406.mid,reelsm-q56.mid
403,reels_simple_chords_407.mid,reelsm-q57.mid
404,reels_simple_chords_408.mid,reelsm-q58.mid
405,reels_simple_chords_409.mid,reelsm-q59.mid
406,reels_simple_chords_410.mid,reelsm-q60.mid
407,reels_simple_chords_411.mid,reelsm-q61.mid
408,reels_simple_chords_412.mid,reelsm-q62.mid
409,reels_simple_chords_413.mid,reelsm-q63.mid
410,reels_simple_chords_414.mid,reelsm-q64.mid
411,reels_simple_chords_415.mid,reelsm-q65.mid
412,reels_simple_chords_416.mid,reelsm-q66.mid
413,reels_simple_chords_417.mid,reelsm-q67.mid
414,reels_simple_chords_418.mid,reelsm-q68.mid
415,reels_simple_chords_419.mid,reelsm-q69.mid
416,reels_simple_chords_420.mid,reelsm-q70.mid
417,reels_simple_chords_421.mid,reelsm-q71.mid
418,reels_simple_chords_422.mid,reelsm-q72.mid
419,reels_simple_chords_423.mid,reelsm-q73.mid
420,reels_simple_chords_424.mid,reelsm-q74.mid
421,reels_simple_chords_425.mid,reelsm-q75.mid
422,reels_simple_chords_426.mid,reelsm-q76.mid
423,reels_simple_chords_427.mid,reelsm-q77.mid
424,reels_simple_chords_428.mid,reelsm-q78.mid
425,reels_simple_chords_429.mid,reelsm-q79.mid
426,reels_simple_chords_430.mid,reelsm-q80.mid
427,reels_simple_chords_431.mid,reelsu-z1.mid
428,reels_simple_chords_432.mid,reelsu-z2.mid
429,reels_simple_chords_433.mid,reelsu-z3.mid
430,reels_simple_chords_434.mid,reelsu-z4.mid
431,reels_simple_chords_435.mid,reelsu-z5.mid
432,reels_simple_chords_436.mid,reelsu-z6.mid
433,reels_simple_chords_437.mid,reelsu-z7.mid
434,reels_simple_chords_438.mid,reelsu-z8.mid
435,reels_simple_chords_439.mid,reelsu-z9.mid
436,reels_simple_chords_440.mid,reelsu-z10.mid
437,reels_simple_chords_441.mid,reelsu-z11.mid
438,reels_simple_chords_442.mid,reelsu-z12.mid
439,reels_simple_chords_443.mid,reelsu-z13.mid
440,reels_simple_chords_444.mid,reelsu-z14.mid
441,reels_simple_chords_445.mid,reelsu-z15.mid
442,reels_simple_chords_446.mid,reelsu-z16.mid
443,reels_simple_chords_447.mid,reelsu-z17.mid
444,reels_simple_chords_448.mid,reelsu-z18.mid
445,reels_simple_chords_449.mid,reelsu-z19.mid
446,reels_simple_chords_450.mid,reelsu-z20.mid
447,reels_simple_chords_451.mid,reelsu-z21.mid
448,reels_simple_chords_452.mid,reelsu-z22.mid
449,reels_simple_chords_453.mid,reelsu-z23.mid
450,reels_simple_chords_454.mid,reelsu-z24.mid
451,reels_simple_chords_455.mid,reelsu-z25.mid
452,reels_simple_chords_456.mid,reelsu-z26.mid
453,reels_simple_chords_457.mid,reelsu-z27.mid
454,reels_simple_chords_458.mid,reelsu-z28.mid
455,reels_simple_chords_459.mid,reelsu-z29.mid
456,reels_simple_chords_460.mid,reelsu-z30.mid
457,reels_simple_chords_461.mid,reelsu-z31.mid
458,reels_simple_chords_462.mid,reelsu-z32.mid
459,reels_simple_chords_463.mid,reelsu-z33.mid
460,reels_simple_chords_464.mid,reelsu-z34.mid
